2025-10-24 16:18:48.478 +05:45  INF  User profile is available. Using 'C:\Users\ASUS\AppData\Local\ASP.NET\DataProtection-Keys' as key repository and Windows DPAPI to encrypt keys at rest.
2025-10-24 16:18:49.126 +05:45  INF  Now listening on: https://localhost:7189
2025-10-24 16:18:49.127 +05:45  INF  Now listening on: http://localhost:5227
2025-10-24 16:18:49.203 +05:45  INF  Application started. Press Ctrl+C to shut down.
2025-10-24 16:18:49.203 +05:45  INF  Hosting environment: Development
2025-10-24 16:18:49.204 +05:45  INF  Content root path: C:\Users\ASUS\Desktop\HRMS\HRMSmvc
2025-10-24 16:18:52.177 +05:45  INF  Request starting HTTP/2 GET https://localhost:7189/ - null null
2025-10-24 16:18:52.528 +05:45  INF  Executing endpoint 'HRMSmvc.Controllers.AuthController.Login (HRMSmvc)'
2025-10-24 16:18:52.593 +05:45  INF  Route matched with {action = "Login", controller = "Auth", area = ""}. Executing controller action with signature Microsoft.AspNetCore.Mvc.IActionResult Login() on controller HRMSmvc.Controllers.AuthController (HRMSmvc).
2025-10-24 16:18:52.627 +05:45  INF  Executing ViewResult, running view login.
2025-10-24 16:18:52.993 +05:45  INF  Executed ViewResult - view login executed in 326.6808ms.
2025-10-24 16:18:53.019 +05:45  INF  Executed action HRMSmvc.Controllers.AuthController.Login (HRMSmvc) in 422.873ms
2025-10-24 16:18:53.019 +05:45  INF  Executed endpoint 'HRMSmvc.Controllers.AuthController.Login (HRMSmvc)'
2025-10-24 16:18:53.056 +05:45  INF  Request finished HTTP/2 GET https://localhost:7189/ - 200 null text/html; charset=utf-8 880.8866ms
2025-10-24 16:18:53.199 +05:45  INF  Request starting HTTP/2 GET https://localhost:7189/vendor/bootstrap.min.css - null null
2025-10-24 16:18:53.206 +05:45  INF  Request starting HTTP/2 GET https://localhost:7189/vendor/bootstrap-icons.min.css - null null
2025-10-24 16:18:53.207 +05:45  INF  Request starting HTTP/2 GET https://localhost:7189/vendor/quill.bubble.css - null null
2025-10-24 16:18:53.210 +05:45  INF  Request starting HTTP/2 GET https://localhost:7189/vendor/bootstrap-icons.css - null null
2025-10-24 16:18:53.240 +05:45  INF  Request starting HTTP/2 GET https://localhost:7189/vendor/quill.snow.css - null null
2025-10-24 16:18:53.257 +05:45  INF  Request starting HTTP/2 GET https://localhost:7189/vendor/remixicon.css - null null
2025-10-24 16:18:53.309 +05:45  INF  Request starting HTTP/2 GET https://localhost:7189/vendor/style.css - null null
2025-10-24 16:18:53.318 +05:45  INF  Request starting HTTP/2 GET https://localhost:7189/css/style.css - null null
2025-10-24 16:18:53.318 +05:45  INF  Request starting HTTP/2 GET https://localhost:7189/vendor/apexcharts.min.js - null null
2025-10-24 16:18:53.319 +05:45  INF  Request starting HTTP/2 GET https://localhost:7189/vendor/bootstrap.bundle.min.js - null null
2025-10-24 16:18:53.319 +05:45  INF  Request starting HTTP/2 GET https://localhost:7189/vendor/echarts.min.js - null null
2025-10-24 16:18:53.319 +05:45  INF  Request starting HTTP/2 GET https://localhost:7189/vendor/chart.umd.js - null null
2025-10-24 16:18:53.320 +05:45  INF  Request starting HTTP/2 GET https://localhost:7189/vendor/simple-datatables.js - null null
2025-10-24 16:18:53.329 +05:45  INF  Request starting HTTP/2 GET https://localhost:7189/vendor/tinymce.min.js - null null
2025-10-24 16:18:53.354 +05:45  INF  Request starting HTTP/2 GET https://localhost:7189/vendor/validate.js - null null
2025-10-24 16:18:53.407 +05:45  INF  Request starting HTTP/2 GET https://localhost:7189/vendor/quill.js - null null
2025-10-24 16:18:53.444 +05:45  INF  Request starting HTTP/2 GET https://localhost:7189/js/main.js - null null
2025-10-24 16:18:53.580 +05:45  INF  Request starting HTTP/2 GET https://localhost:7189/_framework/aspnetcore-browser-refresh.js - null null
2025-10-24 16:18:53.630 +05:45  INF  Sending file. Request path: '/vendor/validate.js'. Physical path: 'C:\Users\ASUS\Desktop\HRMS\HRMSmvc\wwwroot\vendor\validate.js'
2025-10-24 16:18:53.631 +05:45  INF  Request finished HTTP/2 GET https://localhost:7189/vendor/validate.js - 200 2734 text/javascript 275.9635ms
2025-10-24 16:18:53.631 +05:45  INF  Sending file. Request path: '/vendor/style.css'. Physical path: 'C:\Users\ASUS\Desktop\HRMS\HRMSmvc\wwwroot\vendor\style.css'
2025-10-24 16:18:53.632 +05:45  INF  Request finished HTTP/2 GET https://localhost:7189/vendor/style.css - 200 5115 text/css 322.8949ms
2025-10-24 16:18:53.635 +05:45  INF  Sending file. Request path: '/vendor/quill.bubble.css'. Physical path: 'C:\Users\ASUS\Desktop\HRMS\HRMSmvc\wwwroot\vendor\quill.bubble.css'
2025-10-24 16:18:53.637 +05:45  INF  Request finished HTTP/2 GET https://localhost:7189/vendor/quill.bubble.css - 200 25216 text/css 429.5748ms
2025-10-24 16:18:53.637 +05:45  INF  Sending file. Request path: '/vendor/quill.snow.css'. Physical path: 'C:\Users\ASUS\Desktop\HRMS\HRMSmvc\wwwroot\vendor\quill.snow.css'
2025-10-24 16:18:53.637 +05:45  INF  Request finished HTTP/2 GET https://localhost:7189/vendor/quill.snow.css - 200 24606 text/css 397.2661ms
2025-10-24 16:18:53.641 +05:45  INF  Request finished HTTP/2 GET https://localhost:7189/_framework/aspnetcore-browser-refresh.js - 200 16499 application/javascript; charset=utf-8 61.3015ms
2025-10-24 16:18:53.648 +05:45  INF  Sending file. Request path: '/css/style.css'. Physical path: 'C:\Users\ASUS\Desktop\HRMS\HRMSmvc\wwwroot\css\style.css'
2025-10-24 16:18:53.649 +05:45  INF  Request finished HTTP/2 GET https://localhost:7189/css/style.css - 200 21002 text/css 330.8335ms
2025-10-24 16:18:53.675 +05:45  INF  Sending file. Request path: '/js/main.js'. Physical path: 'C:\Users\ASUS\Desktop\HRMS\HRMSmvc\wwwroot\js\main.js'
2025-10-24 16:18:53.675 +05:45  INF  Request finished HTTP/2 GET https://localhost:7189/js/main.js - 200 9966 text/javascript 231.125ms
2025-10-24 16:18:53.691 +05:45  INF  Sending file. Request path: '/vendor/bootstrap-icons.min.css'. Physical path: 'C:\Users\ASUS\Desktop\HRMS\HRMSmvc\wwwroot\vendor\bootstrap-icons.min.css'
2025-10-24 16:18:53.693 +05:45  INF  Sending file. Request path: '/vendor/bootstrap-icons.css'. Physical path: 'C:\Users\ASUS\Desktop\HRMS\HRMSmvc\wwwroot\vendor\bootstrap-icons.css'
2025-10-24 16:18:53.693 +05:45  INF  Sending file. Request path: '/vendor/bootstrap.bundle.min.js'. Physical path: 'C:\Users\ASUS\Desktop\HRMS\HRMSmvc\wwwroot\vendor\bootstrap.bundle.min.js'
2025-10-24 16:18:53.693 +05:45  INF  Request finished HTTP/2 GET https://localhost:7189/vendor/bootstrap.bundle.min.js - 200 80721 text/javascript 374.4082ms
2025-10-24 16:18:53.693 +05:45  INF  Request finished HTTP/2 GET https://localhost:7189/vendor/bootstrap-icons.css - 200 98255 text/css 482.9672ms
2025-10-24 16:18:53.694 +05:45  INF  Request finished HTTP/2 GET https://localhost:7189/vendor/bootstrap-icons.min.css - 200 85875 text/css 492.6171ms
2025-10-24 16:18:53.751 +05:45  INF  Sending file. Request path: '/vendor/simple-datatables.js'. Physical path: 'C:\Users\ASUS\Desktop\HRMS\HRMSmvc\wwwroot\vendor\simple-datatables.js'
2025-10-24 16:18:53.775 +05:45  INF  Request finished HTTP/2 GET https://localhost:7189/vendor/simple-datatables.js - 200 98086 text/javascript 439.452ms
2025-10-24 16:18:53.787 +05:45  INF  Sending file. Request path: '/vendor/remixicon.css'. Physical path: 'C:\Users\ASUS\Desktop\HRMS\HRMSmvc\wwwroot\vendor\remixicon.css'
2025-10-24 16:18:53.787 +05:45  INF  Request finished HTTP/2 GET https://localhost:7189/vendor/remixicon.css - 200 138761 text/css 530.3435ms
2025-10-24 16:18:53.791 +05:45  INF  Sending file. Request path: '/vendor/quill.js'. Physical path: 'C:\Users\ASUS\Desktop\HRMS\HRMSmvc\wwwroot\vendor\quill.js'
2025-10-24 16:18:53.792 +05:45  INF  Request finished HTTP/2 GET https://localhost:7189/vendor/quill.js - 200 209340 text/javascript 387.185ms
2025-10-24 16:18:53.792 +05:45  INF  Sending file. Request path: '/vendor/chart.umd.js'. Physical path: 'C:\Users\ASUS\Desktop\HRMS\HRMSmvc\wwwroot\vendor\chart.umd.js'
2025-10-24 16:18:53.792 +05:45  INF  Request finished HTTP/2 GET https://localhost:7189/vendor/chart.umd.js - 200 205363 text/javascript 473.2567ms
2025-10-24 16:18:53.793 +05:45  INF  Sending file. Request path: '/vendor/bootstrap.min.css'. Physical path: 'C:\Users\ASUS\Desktop\HRMS\HRMSmvc\wwwroot\vendor\bootstrap.min.css'
2025-10-24 16:18:53.793 +05:45  INF  Request finished HTTP/2 GET https://localhost:7189/vendor/bootstrap.min.css - 200 232803 text/css 594.7418ms
2025-10-24 16:18:53.811 +05:45  INF  Sending file. Request path: '/vendor/tinymce.min.js'. Physical path: 'C:\Users\ASUS\Desktop\HRMS\HRMSmvc\wwwroot\vendor\tinymce.min.js'
2025-10-24 16:18:53.812 +05:45  INF  Request finished HTTP/2 GET https://localhost:7189/vendor/tinymce.min.js - 200 436122 text/javascript 482.8428ms
2025-10-24 16:18:53.870 +05:45  INF  Sending file. Request path: '/vendor/apexcharts.min.js'. Physical path: 'C:\Users\ASUS\Desktop\HRMS\HRMSmvc\wwwroot\vendor\apexcharts.min.js'
2025-10-24 16:18:53.870 +05:45  INF  Request finished HTTP/2 GET https://localhost:7189/vendor/apexcharts.min.js - 200 533680 text/javascript 552.4683ms
2025-10-24 16:18:53.893 +05:45  INF  Request starting HTTP/2 GET https://localhost:7189/_vs/browserLink - null null
2025-10-24 16:18:53.946 +05:45  INF  Sending file. Request path: '/vendor/echarts.min.js'. Physical path: 'C:\Users\ASUS\Desktop\HRMS\HRMSmvc\wwwroot\vendor\echarts.min.js'
2025-10-24 16:18:53.946 +05:45  INF  Request finished HTTP/2 GET https://localhost:7189/vendor/echarts.min.js - 200 1029203 text/javascript 627.3235ms
2025-10-24 16:18:54.054 +05:45  INF  Request finished HTTP/2 GET https://localhost:7189/_vs/browserLink - 200 null text/javascript; charset=UTF-8 162.8727ms
2025-10-24 16:18:54.477 +05:45  INF  Request starting HTTP/2 GET https://localhost:7189/favicon.ico - null null
2025-10-24 16:18:54.508 +05:45  INF  Sending file. Request path: '/favicon.ico'. Physical path: 'C:\Users\ASUS\Desktop\HRMS\HRMSmvc\wwwroot\favicon.ico'
2025-10-24 16:18:54.508 +05:45  INF  Request finished HTTP/2 GET https://localhost:7189/favicon.ico - 200 5430 image/x-icon 31.3824ms
2025-10-24 16:19:11.098 +05:45  INF  Request starting HTTP/2 POST https://localhost:7189/ - application/x-www-form-urlencoded; charset=UTF-8 224
2025-10-24 16:19:11.101 +05:45  INF  Executing endpoint 'HRMSmvc.Controllers.AuthController.LoginAsync (HRMSmvc)'
2025-10-24 16:19:11.111 +05:45  INF  Route matched with {action = "Login", controller = "Auth", area = ""}. Executing controller action with signature System.Threading.Tasks.Task`1[Microsoft.AspNetCore.Mvc.IActionResult] LoginAsync(Domain.DTO.LoginDTO) on controller HRMSmvc.Controllers.AuthController (HRMSmvc).
2025-10-24 16:19:20.109 +05:45  INF  AuthenticationScheme: Cookies signed in.
2025-10-24 16:19:20.116 +05:45  INF  Executing JsonResult, writing value of type 'Domain.Models.ApiResponse`1[[Domain.DTO.LoginResponseDto, Domain, Version=1.0.0.0, Culture=neutral, PublicKeyToken=null]]'.
2025-10-24 16:19:20.125 +05:45  INF  Executed action HRMSmvc.Controllers.AuthController.LoginAsync (HRMSmvc) in 9013.6046ms
2025-10-24 16:19:20.125 +05:45  INF  Executed endpoint 'HRMSmvc.Controllers.AuthController.LoginAsync (HRMSmvc)'
2025-10-24 16:19:20.126 +05:45  INF  Request finished HTTP/2 POST https://localhost:7189/ - 200 null application/json; charset=utf-8 9027.5289ms
2025-10-24 16:19:20.998 +05:45  INF  Request starting HTTP/2 GET https://localhost:7189/Admin/Dashboard/Index - null null
2025-10-24 16:19:21.035 +05:45  INF  Executing endpoint 'HRMSmvc.Areas.Admin.Controllers.DashboardController.Index (HRMSmvc)'
2025-10-24 16:19:21.041 +05:45  INF  Route matched with {area = "Admin", action = "Index", controller = "Dashboard"}. Executing controller action with signature System.Threading.Tasks.Task`1[Microsoft.AspNetCore.Mvc.IActionResult] Index() on controller HRMSmvc.Areas.Admin.Controllers.DashboardController (HRMSmvc).
2025-10-24 16:19:21.376 +05:45  INF  Executing ViewResult, running view Index.
2025-10-24 16:19:21.429 +05:45  INF  Executed ViewResult - view Index executed in 55.8258ms.
2025-10-24 16:19:21.429 +05:45  INF  Executed action HRMSmvc.Areas.Admin.Controllers.DashboardController.Index (HRMSmvc) in 388.1244ms
2025-10-24 16:19:21.429 +05:45  INF  Executed endpoint 'HRMSmvc.Areas.Admin.Controllers.DashboardController.Index (HRMSmvc)'
2025-10-24 16:19:21.429 +05:45  INF  Request finished HTTP/2 GET https://localhost:7189/Admin/Dashboard/Index - 200 null text/html; charset=utf-8 431.5312ms
2025-10-24 16:19:21.622 +05:45  INF  Request starting HTTP/2 GET https://localhost:7189/_framework/aspnetcore-browser-refresh.js - null null
2025-10-24 16:19:21.622 +05:45  INF  Request starting HTTP/2 GET https://localhost:7189/js/admin.js - null null
2025-10-24 16:19:21.625 +05:45  INF  Request finished HTTP/2 GET https://localhost:7189/_framework/aspnetcore-browser-refresh.js - 200 16499 application/javascript; charset=utf-8 2.4043ms
2025-10-24 16:19:21.669 +05:45  INF  Request starting HTTP/2 GET https://localhost:7189/_vs/browserLink - null null
2025-10-24 16:19:21.725 +05:45  INF  Request finished HTTP/2 GET https://localhost:7189/_vs/browserLink - 200 null text/javascript; charset=UTF-8 55.406ms
2025-10-24 16:19:21.777 +05:45  INF  Sending file. Request path: '/js/admin.js'. Physical path: 'C:\Users\ASUS\Desktop\HRMS\HRMSmvc\wwwroot\js\admin.js'
2025-10-24 16:19:21.778 +05:45  INF  Request finished HTTP/2 GET https://localhost:7189/js/admin.js - 200 19006 text/javascript 155.6994ms
2025-10-24 16:20:51.899 +05:45  INF  Request starting HTTP/2 GET https://localhost:7189/Admin/Dashboard/Index - null null
2025-10-24 16:20:51.915 +05:45  INF  Executing endpoint 'HRMSmvc.Areas.Admin.Controllers.DashboardController.Index (HRMSmvc)'
2025-10-24 16:20:51.922 +05:45  INF  Route matched with {area = "Admin", action = "Index", controller = "Dashboard"}. Executing controller action with signature System.Threading.Tasks.Task`1[Microsoft.AspNetCore.Mvc.IActionResult] Index() on controller HRMSmvc.Areas.Admin.Controllers.DashboardController (HRMSmvc).
2025-10-24 16:20:52.090 +05:45  INF  Executing ViewResult, running view Index.
2025-10-24 16:20:52.110 +05:45  INF  Executed ViewResult - view Index executed in 23.9473ms.
2025-10-24 16:20:52.111 +05:45  INF  Executed action HRMSmvc.Areas.Admin.Controllers.DashboardController.Index (HRMSmvc) in 188.4045ms
2025-10-24 16:20:52.111 +05:45  INF  Executed endpoint 'HRMSmvc.Areas.Admin.Controllers.DashboardController.Index (HRMSmvc)'
2025-10-24 16:20:52.112 +05:45  INF  Request finished HTTP/2 GET https://localhost:7189/Admin/Dashboard/Index - 200 null text/html; charset=utf-8 213.621ms
2025-10-24 16:20:52.201 +05:45  INF  Request starting HTTP/2 GET https://localhost:7189/_framework/aspnetcore-browser-refresh.js - null null
2025-10-24 16:20:52.203 +05:45  INF  Request starting HTTP/2 GET https://localhost:7189/js/admin.js - null null
2025-10-24 16:20:52.203 +05:45  INF  Request finished HTTP/2 GET https://localhost:7189/_framework/aspnetcore-browser-refresh.js - 200 16499 application/javascript; charset=utf-8 2.5885ms
2025-10-24 16:20:52.215 +05:45  INF  The file /js/admin.js was not modified
2025-10-24 16:20:52.216 +05:45  INF  Request finished HTTP/2 GET https://localhost:7189/js/admin.js - 304 null text/javascript 12.6761ms
2025-10-24 16:20:52.374 +05:45  INF  Request starting HTTP/2 GET https://localhost:7189/_vs/browserLink - null null
2025-10-24 16:20:52.402 +05:45  INF  Request finished HTTP/2 GET https://localhost:7189/_vs/browserLink - 200 null text/javascript; charset=UTF-8 27.8708ms
2025-10-24 16:20:55.566 +05:45  INF  Request starting HTTP/2 GET https://localhost:7189/Admin/Dashboard/Index - null null
2025-10-24 16:20:55.577 +05:45  INF  Executing endpoint 'HRMSmvc.Areas.Admin.Controllers.DashboardController.Index (HRMSmvc)'
2025-10-24 16:20:55.577 +05:45  INF  Route matched with {area = "Admin", action = "Index", controller = "Dashboard"}. Executing controller action with signature System.Threading.Tasks.Task`1[Microsoft.AspNetCore.Mvc.IActionResult] Index() on controller HRMSmvc.Areas.Admin.Controllers.DashboardController (HRMSmvc).
2025-10-24 16:20:55.619 +05:45  INF  Executing ViewResult, running view Index.
2025-10-24 16:20:55.624 +05:45  INF  Executed ViewResult - view Index executed in 5.4746ms.
2025-10-24 16:20:55.624 +05:45  INF  Executed action HRMSmvc.Areas.Admin.Controllers.DashboardController.Index (HRMSmvc) in 47.0943ms
2025-10-24 16:20:55.624 +05:45  INF  Executed endpoint 'HRMSmvc.Areas.Admin.Controllers.DashboardController.Index (HRMSmvc)'
2025-10-24 16:20:55.624 +05:45  INF  Request finished HTTP/2 GET https://localhost:7189/Admin/Dashboard/Index - 200 null text/html; charset=utf-8 58.0657ms
2025-10-24 16:20:55.672 +05:45  INF  Request starting HTTP/2 GET https://localhost:7189/_framework/aspnetcore-browser-refresh.js - null null
2025-10-24 16:20:55.672 +05:45  INF  Request finished HTTP/2 GET https://localhost:7189/_framework/aspnetcore-browser-refresh.js - 200 16499 application/javascript; charset=utf-8 0.773ms
2025-10-24 16:20:55.778 +05:45  INF  Request starting HTTP/2 GET https://localhost:7189/_vs/browserLink - null null
2025-10-24 16:20:55.789 +05:45  INF  Request finished HTTP/2 GET https://localhost:7189/_vs/browserLink - 200 null text/javascript; charset=UTF-8 11.2424ms
2025-10-24 16:21:03.537 +05:45  INF  Request starting HTTP/2 GET https://localhost:7189/Admin/Dashboard/Index - null null
2025-10-24 16:21:03.542 +05:45  INF  Executing endpoint 'HRMSmvc.Areas.Admin.Controllers.DashboardController.Index (HRMSmvc)'
2025-10-24 16:21:03.542 +05:45  INF  Route matched with {area = "Admin", action = "Index", controller = "Dashboard"}. Executing controller action with signature System.Threading.Tasks.Task`1[Microsoft.AspNetCore.Mvc.IActionResult] Index() on controller HRMSmvc.Areas.Admin.Controllers.DashboardController (HRMSmvc).
2025-10-24 16:21:03.583 +05:45  INF  Executing ViewResult, running view Index.
2025-10-24 16:21:03.589 +05:45  INF  Executed ViewResult - view Index executed in 4.0294ms.
2025-10-24 16:21:03.622 +05:45  INF  Executed action HRMSmvc.Areas.Admin.Controllers.DashboardController.Index (HRMSmvc) in 79.7598ms
2025-10-24 16:21:03.623 +05:45  INF  Executed endpoint 'HRMSmvc.Areas.Admin.Controllers.DashboardController.Index (HRMSmvc)'
2025-10-24 16:21:03.626 +05:45  INF  Request finished HTTP/2 GET https://localhost:7189/Admin/Dashboard/Index - 200 null text/html; charset=utf-8 89.8036ms
2025-10-24 16:21:03.656 +05:45  INF  Request starting HTTP/2 GET https://localhost:7189/vendor/bootstrap-icons.css - null null
2025-10-24 16:21:03.656 +05:45  INF  Request starting HTTP/2 GET https://localhost:7189/vendor/quill.bubble.css - null null
2025-10-24 16:21:03.656 +05:45  INF  Request starting HTTP/2 GET https://localhost:7189/vendor/quill.snow.css - null null
2025-10-24 16:21:03.655 +05:45  INF  Request starting HTTP/2 GET https://localhost:7189/vendor/bootstrap.min.css - null null
2025-10-24 16:21:03.657 +05:45  INF  Request starting HTTP/2 GET https://localhost:7189/vendor/bootstrap-icons.min.css - null null
2025-10-24 16:21:03.660 +05:45  INF  Request starting HTTP/2 GET https://localhost:7189/vendor/remixicon.css - null null
2025-10-24 16:21:03.675 +05:45  INF  Request starting HTTP/2 GET https://localhost:7189/vendor/style.css - null null
2025-10-24 16:21:03.677 +05:45  INF  Request starting HTTP/2 GET https://localhost:7189/css/style.css - null null
2025-10-24 16:21:03.688 +05:45  INF  Request starting HTTP/2 GET https://localhost:7189/vendor/bootstrap.bundle.min.js - null null
2025-10-24 16:21:03.688 +05:45  INF  Request starting HTTP/2 GET https://localhost:7189/vendor/chart.umd.js - null null
2025-10-24 16:21:03.689 +05:45  INF  Request starting HTTP/2 GET https://localhost:7189/vendor/apexcharts.min.js - null null
2025-10-24 16:21:03.689 +05:45  INF  Request starting HTTP/2 GET https://localhost:7189/vendor/quill.js - null null
2025-10-24 16:21:03.689 +05:45  INF  Request starting HTTP/2 GET https://localhost:7189/vendor/echarts.min.js - null null
2025-10-24 16:21:03.692 +05:45  INF  Request starting HTTP/2 GET https://localhost:7189/vendor/validate.js - null null
2025-10-24 16:21:03.693 +05:45  INF  Request starting HTTP/2 GET https://localhost:7189/_framework/aspnetcore-browser-refresh.js - null null
2025-10-24 16:21:03.693 +05:45  INF  Request starting HTTP/2 GET https://localhost:7189/js/admin.js - null null
2025-10-24 16:21:03.694 +05:45  INF  Request starting HTTP/2 GET https://localhost:7189/vendor/tinymce.min.js - null null
2025-10-24 16:21:03.694 +05:45  INF  Request starting HTTP/2 GET https://localhost:7189/js/main.js - null null
2025-10-24 16:21:03.703 +05:45  INF  Request starting HTTP/2 GET https://localhost:7189/vendor/simple-datatables.js - null null
2025-10-24 16:21:03.704 +05:45  INF  Sending file. Request path: '/vendor/style.css'. Physical path: 'C:\Users\ASUS\Desktop\HRMS\HRMSmvc\wwwroot\vendor\style.css'
2025-10-24 16:21:03.704 +05:45  INF  Sending file. Request path: '/vendor/quill.bubble.css'. Physical path: 'C:\Users\ASUS\Desktop\HRMS\HRMSmvc\wwwroot\vendor\quill.bubble.css'
2025-10-24 16:21:03.704 +05:45  INF  Request finished HTTP/2 GET https://localhost:7189/vendor/style.css - 200 5115 text/css 29.1863ms
2025-10-24 16:21:03.704 +05:45  INF  Request finished HTTP/2 GET https://localhost:7189/vendor/quill.bubble.css - 200 25216 text/css 48.2349ms
2025-10-24 16:21:03.705 +05:45  INF  Sending file. Request path: '/vendor/quill.snow.css'. Physical path: 'C:\Users\ASUS\Desktop\HRMS\HRMSmvc\wwwroot\vendor\quill.snow.css'
2025-10-24 16:21:03.706 +05:45  INF  Request finished HTTP/2 GET https://localhost:7189/vendor/quill.snow.css - 200 24606 text/css 49.0285ms
2025-10-24 16:21:03.710 +05:45  INF  Request finished HTTP/2 GET https://localhost:7189/_framework/aspnetcore-browser-refresh.js - 200 16499 application/javascript; charset=utf-8 16.1197ms
2025-10-24 16:21:03.747 +05:45  INF  Sending file. Request path: '/vendor/validate.js'. Physical path: 'C:\Users\ASUS\Desktop\HRMS\HRMSmvc\wwwroot\vendor\validate.js'
2025-10-24 16:21:03.748 +05:45  INF  Request finished HTTP/2 GET https://localhost:7189/vendor/validate.js - 200 2734 text/javascript 55.2627ms
2025-10-24 16:21:03.749 +05:45  INF  Sending file. Request path: '/css/style.css'. Physical path: 'C:\Users\ASUS\Desktop\HRMS\HRMSmvc\wwwroot\css\style.css'
2025-10-24 16:21:03.749 +05:45  INF  Request finished HTTP/2 GET https://localhost:7189/css/style.css - 200 21002 text/css 72.5566ms
2025-10-24 16:21:03.755 +05:45  INF  Sending file. Request path: '/js/main.js'. Physical path: 'C:\Users\ASUS\Desktop\HRMS\HRMSmvc\wwwroot\js\main.js'
2025-10-24 16:21:03.755 +05:45  INF  Request starting HTTP/2 GET https://localhost:7189/_vs/browserLink - null null
2025-10-24 16:21:03.756 +05:45  INF  Request finished HTTP/2 GET https://localhost:7189/js/main.js - 200 9966 text/javascript 61.9243ms
2025-10-24 16:21:03.786 +05:45  INF  Sending file. Request path: '/js/admin.js'. Physical path: 'C:\Users\ASUS\Desktop\HRMS\HRMSmvc\wwwroot\js\admin.js'
2025-10-24 16:21:03.787 +05:45  INF  Request finished HTTP/2 GET https://localhost:7189/js/admin.js - 200 19006 text/javascript 92.614ms
2025-10-24 16:21:03.797 +05:45  INF  Sending file. Request path: '/vendor/bootstrap-icons.css'. Physical path: 'C:\Users\ASUS\Desktop\HRMS\HRMSmvc\wwwroot\vendor\bootstrap-icons.css'
2025-10-24 16:21:03.798 +05:45  INF  Request finished HTTP/2 GET https://localhost:7189/vendor/bootstrap-icons.css - 200 98255 text/css 141.6932ms
2025-10-24 16:21:03.798 +05:45  INF  Sending file. Request path: '/vendor/bootstrap.bundle.min.js'. Physical path: 'C:\Users\ASUS\Desktop\HRMS\HRMSmvc\wwwroot\vendor\bootstrap.bundle.min.js'
2025-10-24 16:21:03.798 +05:45  INF  Request finished HTTP/2 GET https://localhost:7189/vendor/bootstrap.bundle.min.js - 200 80721 text/javascript 110.2594ms
2025-10-24 16:21:03.805 +05:45  INF  Sending file. Request path: '/vendor/bootstrap-icons.min.css'. Physical path: 'C:\Users\ASUS\Desktop\HRMS\HRMSmvc\wwwroot\vendor\bootstrap-icons.min.css'
2025-10-24 16:21:03.807 +05:45  INF  Request finished HTTP/2 GET https://localhost:7189/vendor/bootstrap-icons.min.css - 200 85875 text/css 150.1943ms
2025-10-24 16:21:03.807 +05:45  INF  Sending file. Request path: '/vendor/simple-datatables.js'. Physical path: 'C:\Users\ASUS\Desktop\HRMS\HRMSmvc\wwwroot\vendor\simple-datatables.js'
2025-10-24 16:21:03.808 +05:45  INF  Request finished HTTP/2 GET https://localhost:7189/vendor/simple-datatables.js - 200 98086 text/javascript 110.8816ms
2025-10-24 16:21:03.816 +05:45  INF  Sending file. Request path: '/vendor/remixicon.css'. Physical path: 'C:\Users\ASUS\Desktop\HRMS\HRMSmvc\wwwroot\vendor\remixicon.css'
2025-10-24 16:21:03.817 +05:45  INF  Request finished HTTP/2 GET https://localhost:7189/vendor/remixicon.css - 200 138761 text/css 156.7185ms
2025-10-24 16:21:03.831 +05:45  INF  Sending file. Request path: '/vendor/quill.js'. Physical path: 'C:\Users\ASUS\Desktop\HRMS\HRMSmvc\wwwroot\vendor\quill.js'
2025-10-24 16:21:03.831 +05:45  INF  Request finished HTTP/2 GET https://localhost:7189/vendor/quill.js - 200 209340 text/javascript 142.429ms
2025-10-24 16:21:03.833 +05:45  INF  Request finished HTTP/2 GET https://localhost:7189/_vs/browserLink - 200 null text/javascript; charset=UTF-8 77.3902ms
2025-10-24 16:21:03.836 +05:45  INF  Sending file. Request path: '/vendor/bootstrap.min.css'. Physical path: 'C:\Users\ASUS\Desktop\HRMS\HRMSmvc\wwwroot\vendor\bootstrap.min.css'
2025-10-24 16:21:03.838 +05:45  INF  Sending file. Request path: '/vendor/chart.umd.js'. Physical path: 'C:\Users\ASUS\Desktop\HRMS\HRMSmvc\wwwroot\vendor\chart.umd.js'
2025-10-24 16:21:03.838 +05:45  INF  Request finished HTTP/2 GET https://localhost:7189/vendor/bootstrap.min.css - 200 232803 text/css 183.1549ms
2025-10-24 16:21:03.838 +05:45  INF  Request finished HTTP/2 GET https://localhost:7189/vendor/chart.umd.js - 200 205363 text/javascript 150.0805ms
2025-10-24 16:21:03.850 +05:45  INF  Sending file. Request path: '/vendor/tinymce.min.js'. Physical path: 'C:\Users\ASUS\Desktop\HRMS\HRMSmvc\wwwroot\vendor\tinymce.min.js'
2025-10-24 16:21:03.854 +05:45  INF  Request finished HTTP/2 GET https://localhost:7189/vendor/tinymce.min.js - 200 436122 text/javascript 157.805ms
2025-10-24 16:21:03.859 +05:45  INF  Sending file. Request path: '/vendor/apexcharts.min.js'. Physical path: 'C:\Users\ASUS\Desktop\HRMS\HRMSmvc\wwwroot\vendor\apexcharts.min.js'
2025-10-24 16:21:03.860 +05:45  INF  Request finished HTTP/2 GET https://localhost:7189/vendor/apexcharts.min.js - 200 533680 text/javascript 170.6602ms
2025-10-24 16:21:03.879 +05:45  INF  Sending file. Request path: '/vendor/echarts.min.js'. Physical path: 'C:\Users\ASUS\Desktop\HRMS\HRMSmvc\wwwroot\vendor\echarts.min.js'
2025-10-24 16:21:03.879 +05:45  INF  Request finished HTTP/2 GET https://localhost:7189/vendor/echarts.min.js - 200 1029203 text/javascript 189.9524ms
2025-10-24 16:21:04.750 +05:45  INF  Request starting HTTP/2 GET https://localhost:7189/favicon.ico - null null
2025-10-24 16:21:04.753 +05:45  INF  Sending file. Request path: '/favicon.ico'. Physical path: 'C:\Users\ASUS\Desktop\HRMS\HRMSmvc\wwwroot\favicon.ico'
2025-10-24 16:21:04.753 +05:45  INF  Request finished HTTP/2 GET https://localhost:7189/favicon.ico - 200 5430 image/x-icon 2.8174ms
2025-10-24 16:21:34.258 +05:45  INF  Request starting HTTP/2 GET https://localhost:7189/Admin/Dashboard/Index - null null
2025-10-24 16:21:34.265 +05:45  INF  Executing endpoint 'HRMSmvc.Areas.Admin.Controllers.DashboardController.Index (HRMSmvc)'
2025-10-24 16:21:34.278 +05:45  INF  Route matched with {area = "Admin", action = "Index", controller = "Dashboard"}. Executing controller action with signature System.Threading.Tasks.Task`1[Microsoft.AspNetCore.Mvc.IActionResult] Index() on controller HRMSmvc.Areas.Admin.Controllers.DashboardController (HRMSmvc).
2025-10-24 16:21:34.344 +05:45  INF  Executing ViewResult, running view Index.
2025-10-24 16:21:34.369 +05:45  INF  Executed ViewResult - view Index executed in 26.7899ms.
2025-10-24 16:21:34.369 +05:45  INF  Executed action HRMSmvc.Areas.Admin.Controllers.DashboardController.Index (HRMSmvc) in 90.4585ms
2025-10-24 16:21:34.369 +05:45  INF  Executed endpoint 'HRMSmvc.Areas.Admin.Controllers.DashboardController.Index (HRMSmvc)'
2025-10-24 16:21:34.369 +05:45  INF  Request finished HTTP/2 GET https://localhost:7189/Admin/Dashboard/Index - 200 null text/html; charset=utf-8 110.9787ms
2025-10-24 16:21:34.418 +05:45  INF  Request starting HTTP/2 GET https://localhost:7189/js/admin.js - null null
2025-10-24 16:21:34.419 +05:45  INF  The file /js/admin.js was not modified
2025-10-24 16:21:34.419 +05:45  INF  Request finished HTTP/2 GET https://localhost:7189/js/admin.js - 304 null text/javascript 1.0562ms
2025-10-24 16:21:34.425 +05:45  INF  Request starting HTTP/2 GET https://localhost:7189/_vs/browserLink - null null
2025-10-24 16:21:34.426 +05:45  INF  Request starting HTTP/2 GET https://localhost:7189/_framework/aspnetcore-browser-refresh.js - null null
2025-10-24 16:21:34.427 +05:45  INF  Request finished HTTP/2 GET https://localhost:7189/_framework/aspnetcore-browser-refresh.js - 200 16499 application/javascript; charset=utf-8 1.0972ms
2025-10-24 16:21:34.445 +05:45  INF  Request finished HTTP/2 GET https://localhost:7189/_vs/browserLink - 200 null text/javascript; charset=UTF-8 20.0974ms
2025-10-24 16:21:46.423 +05:45  INF  Request starting HTTP/2 GET https://localhost:7189/Admin/Department/Index - null null
2025-10-24 16:21:46.429 +05:45  INF  Executing endpoint 'HRMSmvc.Areas.Admin.Controllers.DepartmentController.Index (HRMSmvc)'
2025-10-24 16:21:46.432 +05:45  INF  Route matched with {area = "Admin", action = "Index", controller = "Department"}. Executing controller action with signature System.Threading.Tasks.Task`1[Microsoft.AspNetCore.Mvc.IActionResult] Index() on controller HRMSmvc.Areas.Admin.Controllers.DepartmentController (HRMSmvc).
2025-10-24 16:21:46.526 +05:45  INF  Executing ViewResult, running view Index.
2025-10-24 16:21:46.532 +05:45  INF  Executed ViewResult - view Index executed in 7.2673ms.
2025-10-24 16:21:46.532 +05:45  INF  Executed action HRMSmvc.Areas.Admin.Controllers.DepartmentController.Index (HRMSmvc) in 100.2435ms
2025-10-24 16:21:46.532 +05:45  INF  Executed endpoint 'HRMSmvc.Areas.Admin.Controllers.DepartmentController.Index (HRMSmvc)'
2025-10-24 16:21:46.532 +05:45  INF  Request finished HTTP/2 GET https://localhost:7189/Admin/Department/Index - 200 null text/html; charset=utf-8 109.0673ms
2025-10-24 16:21:46.588 +05:45  INF  Request starting HTTP/2 GET https://localhost:7189/_framework/aspnetcore-browser-refresh.js - null null
2025-10-24 16:21:46.589 +05:45  INF  Request finished HTTP/2 GET https://localhost:7189/_framework/aspnetcore-browser-refresh.js - 200 16499 application/javascript; charset=utf-8 1.4475ms
2025-10-24 16:21:46.654 +05:45  INF  Request starting HTTP/2 GET https://localhost:7189/_vs/browserLink - null null
2025-10-24 16:21:46.665 +05:45  INF  Request finished HTTP/2 GET https://localhost:7189/_vs/browserLink - 200 null text/javascript; charset=UTF-8 11.9448ms
2025-10-24 16:21:50.299 +05:45  INF  Request starting HTTP/2 GET https://localhost:7189/Admin/Dashboard/Index - null null
2025-10-24 16:21:50.303 +05:45  INF  Executing endpoint 'HRMSmvc.Areas.Admin.Controllers.DashboardController.Index (HRMSmvc)'
2025-10-24 16:21:50.304 +05:45  INF  Route matched with {area = "Admin", action = "Index", controller = "Dashboard"}. Executing controller action with signature System.Threading.Tasks.Task`1[Microsoft.AspNetCore.Mvc.IActionResult] Index() on controller HRMSmvc.Areas.Admin.Controllers.DashboardController (HRMSmvc).
2025-10-24 16:21:50.329 +05:45  INF  Executing ViewResult, running view Index.
2025-10-24 16:21:50.333 +05:45  INF  Executed ViewResult - view Index executed in 3.9047ms.
2025-10-24 16:21:50.333 +05:45  INF  Executed action HRMSmvc.Areas.Admin.Controllers.DashboardController.Index (HRMSmvc) in 29.2792ms
2025-10-24 16:21:50.333 +05:45  INF  Executed endpoint 'HRMSmvc.Areas.Admin.Controllers.DashboardController.Index (HRMSmvc)'
2025-10-24 16:21:50.333 +05:45  INF  Request finished HTTP/2 GET https://localhost:7189/Admin/Dashboard/Index - 200 null text/html; charset=utf-8 33.8288ms
2025-10-24 16:21:50.360 +05:45  INF  Request starting HTTP/2 GET https://localhost:7189/_vs/browserLink - null null
2025-10-24 16:21:50.361 +05:45  INF  Request starting HTTP/2 GET https://localhost:7189/_framework/aspnetcore-browser-refresh.js - null null
2025-10-24 16:21:50.361 +05:45  INF  Request finished HTTP/2 GET https://localhost:7189/_framework/aspnetcore-browser-refresh.js - 200 16499 application/javascript; charset=utf-8 0.7968ms
2025-10-24 16:21:50.376 +05:45  INF  Request finished HTTP/2 GET https://localhost:7189/_vs/browserLink - 200 null text/javascript; charset=UTF-8 15.7053ms
2025-10-24 16:22:37.289 +05:45  INF  Request starting HTTP/2 GET https://localhost:7189/Admin/Department/Index - null null
2025-10-24 16:22:37.377 +05:45  INF  Executing endpoint 'HRMSmvc.Areas.Admin.Controllers.DepartmentController.Index (HRMSmvc)'
2025-10-24 16:22:37.395 +05:45  INF  Route matched with {area = "Admin", action = "Index", controller = "Department"}. Executing controller action with signature System.Threading.Tasks.Task`1[Microsoft.AspNetCore.Mvc.IActionResult] Index() on controller HRMSmvc.Areas.Admin.Controllers.DepartmentController (HRMSmvc).
2025-10-24 16:22:37.764 +05:45  INF  Executing ViewResult, running view Index.
2025-10-24 16:22:37.787 +05:45  INF  Executed ViewResult - view Index executed in 26.5907ms.
2025-10-24 16:22:37.792 +05:45  INF  Executed action HRMSmvc.Areas.Admin.Controllers.DepartmentController.Index (HRMSmvc) in 396.2473ms
2025-10-24 16:22:37.792 +05:45  INF  Executed endpoint 'HRMSmvc.Areas.Admin.Controllers.DepartmentController.Index (HRMSmvc)'
2025-10-24 16:22:37.792 +05:45  INF  Request finished HTTP/2 GET https://localhost:7189/Admin/Department/Index - 200 null text/html; charset=utf-8 505.9522ms
2025-10-24 16:22:38.771 +05:45  INF  Request starting HTTP/2 GET https://localhost:7189/_framework/aspnetcore-browser-refresh.js - null null
2025-10-24 16:22:38.772 +05:45  INF  Request starting HTTP/2 GET https://localhost:7189/js/admin.js - null null
2025-10-24 16:22:38.783 +05:45  INF  Request finished HTTP/2 GET https://localhost:7189/_framework/aspnetcore-browser-refresh.js - 200 16499 application/javascript; charset=utf-8 8.0269ms
2025-10-24 16:22:38.821 +05:45  INF  The file /js/admin.js was not modified
2025-10-24 16:22:38.854 +05:45  INF  Request finished HTTP/2 GET https://localhost:7189/js/admin.js - 304 null text/javascript 81.3842ms
2025-10-24 16:22:39.351 +05:45  INF  Request starting HTTP/2 GET https://localhost:7189/_vs/browserLink - null null
2025-10-24 16:22:39.401 +05:45  INF  Request finished HTTP/2 GET https://localhost:7189/_vs/browserLink - 200 null text/javascript; charset=UTF-8 50.1451ms
2025-10-24 16:22:44.137 +05:45  INF  Request starting HTTP/2 GET https://localhost:7189/Admin/Dashboard/Index - null null
2025-10-24 16:22:44.142 +05:45  INF  Executing endpoint 'HRMSmvc.Areas.Admin.Controllers.DashboardController.Index (HRMSmvc)'
2025-10-24 16:22:44.144 +05:45  INF  Route matched with {area = "Admin", action = "Index", controller = "Dashboard"}. Executing controller action with signature System.Threading.Tasks.Task`1[Microsoft.AspNetCore.Mvc.IActionResult] Index() on controller HRMSmvc.Areas.Admin.Controllers.DashboardController (HRMSmvc).
2025-10-24 16:22:44.387 +05:45  INF  Executing ViewResult, running view Index.
2025-10-24 16:22:44.404 +05:45  INF  Executed ViewResult - view Index executed in 17.5804ms.
2025-10-24 16:22:44.405 +05:45  INF  Executed action HRMSmvc.Areas.Admin.Controllers.DashboardController.Index (HRMSmvc) in 261.0529ms
2025-10-24 16:22:44.405 +05:45  INF  Executed endpoint 'HRMSmvc.Areas.Admin.Controllers.DashboardController.Index (HRMSmvc)'
2025-10-24 16:22:44.405 +05:45  INF  Request finished HTTP/2 GET https://localhost:7189/Admin/Dashboard/Index - 200 null text/html; charset=utf-8 267.8754ms
2025-10-24 16:22:44.526 +05:45  INF  Request starting HTTP/2 GET https://localhost:7189/_framework/aspnetcore-browser-refresh.js - null null
2025-10-24 16:22:44.530 +05:45  INF  Request finished HTTP/2 GET https://localhost:7189/_framework/aspnetcore-browser-refresh.js - 200 16499 application/javascript; charset=utf-8 3.4839ms
2025-10-24 16:22:44.576 +05:45  INF  Request starting HTTP/2 GET https://localhost:7189/_vs/browserLink - null null
2025-10-24 16:22:44.624 +05:45  INF  Request finished HTTP/2 GET https://localhost:7189/_vs/browserLink - 200 null text/javascript; charset=UTF-8 47.8383ms
2025-10-24 16:25:23.770 +05:45  INF  Request starting HTTP/2 GET https://localhost:7189/Admin/Dashboard/Index - null null
2025-10-24 16:25:23.867 +05:45  INF  Executing endpoint 'HRMSmvc.Areas.Admin.Controllers.DashboardController.Index (HRMSmvc)'
2025-10-24 16:25:23.875 +05:45  INF  Route matched with {area = "Admin", action = "Index", controller = "Dashboard"}. Executing controller action with signature System.Threading.Tasks.Task`1[Microsoft.AspNetCore.Mvc.IActionResult] Index() on controller HRMSmvc.Areas.Admin.Controllers.DashboardController (HRMSmvc).
2025-10-24 16:25:24.515 +05:45  INF  Executing ViewResult, running view Index.
2025-10-24 16:25:24.536 +05:45  INF  Executed ViewResult - view Index executed in 24.2009ms.
2025-10-24 16:25:24.537 +05:45  INF  Executed action HRMSmvc.Areas.Admin.Controllers.DashboardController.Index (HRMSmvc) in 661.9113ms
2025-10-24 16:25:24.537 +05:45  INF  Executed endpoint 'HRMSmvc.Areas.Admin.Controllers.DashboardController.Index (HRMSmvc)'
2025-10-24 16:25:24.537 +05:45  INF  Request finished HTTP/2 GET https://localhost:7189/Admin/Dashboard/Index - 200 null text/html; charset=utf-8 768.5628ms
2025-10-24 16:25:24.679 +05:45  INF  Request starting HTTP/2 GET https://localhost:7189/js/admin.js - null null
2025-10-24 16:25:24.678 +05:45  INF  Request starting HTTP/2 GET https://localhost:7189/_framework/aspnetcore-browser-refresh.js - null null
2025-10-24 16:25:24.687 +05:45  INF  Request finished HTTP/2 GET https://localhost:7189/_framework/aspnetcore-browser-refresh.js - 200 16499 application/javascript; charset=utf-8 8.7611ms
2025-10-24 16:25:24.904 +05:45  INF  Sending file. Request path: '/js/admin.js'. Physical path: 'C:\Users\ASUS\Desktop\HRMS\HRMSmvc\wwwroot\js\admin.js'
2025-10-24 16:25:24.904 +05:45  INF  Request finished HTTP/2 GET https://localhost:7189/js/admin.js - 200 18997 text/javascript 225.0891ms
2025-10-24 16:25:25.127 +05:45  INF  Request starting HTTP/2 GET https://localhost:7189/_vs/browserLink - null null
2025-10-24 16:25:25.140 +05:45  INF  Request finished HTTP/2 GET https://localhost:7189/_vs/browserLink - 200 null text/javascript; charset=UTF-8 13.148ms
2025-10-24 16:25:46.079 +05:45  INF  Request starting HTTP/2 GET https://localhost:7189/Admin/Dashboard/Index - null null
2025-10-24 16:25:46.081 +05:45  INF  Executing endpoint 'HRMSmvc.Areas.Admin.Controllers.DashboardController.Index (HRMSmvc)'
2025-10-24 16:25:46.081 +05:45  INF  Route matched with {area = "Admin", action = "Index", controller = "Dashboard"}. Executing controller action with signature System.Threading.Tasks.Task`1[Microsoft.AspNetCore.Mvc.IActionResult] Index() on controller HRMSmvc.Areas.Admin.Controllers.DashboardController (HRMSmvc).
2025-10-24 16:25:46.122 +05:45  INF  Executing ViewResult, running view Index.
2025-10-24 16:25:46.125 +05:45  INF  Executed ViewResult - view Index executed in 3.2582ms.
2025-10-24 16:25:46.125 +05:45  INF  Executed action HRMSmvc.Areas.Admin.Controllers.DashboardController.Index (HRMSmvc) in 43.9683ms
2025-10-24 16:25:46.125 +05:45  INF  Executed endpoint 'HRMSmvc.Areas.Admin.Controllers.DashboardController.Index (HRMSmvc)'
2025-10-24 16:25:46.125 +05:45  INF  Request finished HTTP/2 GET https://localhost:7189/Admin/Dashboard/Index - 200 null text/html; charset=utf-8 46.3739ms
2025-10-24 16:25:46.352 +05:45  INF  Request starting HTTP/2 GET https://localhost:7189/js/admin.js - null null
2025-10-24 16:25:46.368 +05:45  INF  Request starting HTTP/2 GET https://localhost:7189/_vs/browserLink - null null
2025-10-24 16:25:46.369 +05:45  INF  Request starting HTTP/2 GET https://localhost:7189/_framework/aspnetcore-browser-refresh.js - null null
2025-10-24 16:25:46.370 +05:45  INF  Request finished HTTP/2 GET https://localhost:7189/_framework/aspnetcore-browser-refresh.js - 200 16499 application/javascript; charset=utf-8 1.6803ms
2025-10-24 16:25:46.390 +05:45  INF  Request finished HTTP/2 GET https://localhost:7189/_vs/browserLink - 200 null text/javascript; charset=UTF-8 21.3461ms
2025-10-24 16:25:46.408 +05:45  INF  Sending file. Request path: '/js/admin.js'. Physical path: 'C:\Users\ASUS\Desktop\HRMS\HRMSmvc\wwwroot\js\admin.js'
2025-10-24 16:25:46.408 +05:45  INF  Request finished HTTP/2 GET https://localhost:7189/js/admin.js - 200 18999 text/javascript 56.4273ms
2025-10-24 16:25:56.604 +05:45  INF  Request starting HTTP/2 GET https://localhost:7189/Admin/Dashboard/Index - null null
2025-10-24 16:25:56.606 +05:45  INF  Executing endpoint 'HRMSmvc.Areas.Admin.Controllers.DashboardController.Index (HRMSmvc)'
2025-10-24 16:25:56.607 +05:45  INF  Route matched with {area = "Admin", action = "Index", controller = "Dashboard"}. Executing controller action with signature System.Threading.Tasks.Task`1[Microsoft.AspNetCore.Mvc.IActionResult] Index() on controller HRMSmvc.Areas.Admin.Controllers.DashboardController (HRMSmvc).
2025-10-24 16:25:56.632 +05:45  INF  Executing ViewResult, running view Index.
2025-10-24 16:25:56.638 +05:45  INF  Executed ViewResult - view Index executed in 5.2612ms.
2025-10-24 16:25:56.638 +05:45  INF  Executed action HRMSmvc.Areas.Admin.Controllers.DashboardController.Index (HRMSmvc) in 31.1911ms
2025-10-24 16:25:56.638 +05:45  INF  Executed endpoint 'HRMSmvc.Areas.Admin.Controllers.DashboardController.Index (HRMSmvc)'
2025-10-24 16:25:56.638 +05:45  INF  Request finished HTTP/2 GET https://localhost:7189/Admin/Dashboard/Index - 200 null text/html; charset=utf-8 33.5146ms
2025-10-24 16:25:56.664 +05:45  INF  Request starting HTTP/2 GET https://localhost:7189/js/admin.js - null null
2025-10-24 16:25:56.665 +05:45  INF  Request starting HTTP/2 GET https://localhost:7189/_vs/browserLink - null null
2025-10-24 16:25:56.666 +05:45  INF  Request starting HTTP/2 GET https://localhost:7189/_framework/aspnetcore-browser-refresh.js - null null
2025-10-24 16:25:56.667 +05:45  INF  Request finished HTTP/2 GET https://localhost:7189/_framework/aspnetcore-browser-refresh.js - 200 16499 application/javascript; charset=utf-8 1.1411ms
2025-10-24 16:25:56.676 +05:45  INF  Request finished HTTP/2 GET https://localhost:7189/_vs/browserLink - 200 null text/javascript; charset=UTF-8 10.7317ms
2025-10-24 16:25:56.703 +05:45  INF  Sending file. Request path: '/js/admin.js'. Physical path: 'C:\Users\ASUS\Desktop\HRMS\HRMSmvc\wwwroot\js\admin.js'
2025-10-24 16:25:56.703 +05:45  INF  Request finished HTTP/2 GET https://localhost:7189/js/admin.js - 200 19003 text/javascript 39.1611ms
2025-10-24 16:26:35.218 +05:45  INF  Request starting HTTP/2 GET https://localhost:7189/Admin/Dashboard/Index - null null
2025-10-24 16:26:35.220 +05:45  INF  Executing endpoint 'HRMSmvc.Areas.Admin.Controllers.DashboardController.Index (HRMSmvc)'
2025-10-24 16:26:35.220 +05:45  INF  Route matched with {area = "Admin", action = "Index", controller = "Dashboard"}. Executing controller action with signature System.Threading.Tasks.Task`1[Microsoft.AspNetCore.Mvc.IActionResult] Index() on controller HRMSmvc.Areas.Admin.Controllers.DashboardController (HRMSmvc).
2025-10-24 16:26:35.276 +05:45  INF  Executing ViewResult, running view Index.
2025-10-24 16:26:35.288 +05:45  INF  Executed ViewResult - view Index executed in 11.9866ms.
2025-10-24 16:26:35.288 +05:45  INF  Executed action HRMSmvc.Areas.Admin.Controllers.DashboardController.Index (HRMSmvc) in 68.3027ms
2025-10-24 16:26:35.288 +05:45  INF  Executed endpoint 'HRMSmvc.Areas.Admin.Controllers.DashboardController.Index (HRMSmvc)'
2025-10-24 16:26:35.288 +05:45  INF  Request finished HTTP/2 GET https://localhost:7189/Admin/Dashboard/Index - 200 null text/html; charset=utf-8 70.4435ms
2025-10-24 16:26:35.403 +05:45  INF  Request starting HTTP/2 GET https://localhost:7189/_vs/browserLink - null null
2025-10-24 16:26:35.403 +05:45  INF  Request starting HTTP/2 GET https://localhost:7189/js/admin.js - null null
2025-10-24 16:26:35.438 +05:45  INF  Request finished HTTP/2 GET https://localhost:7189/_vs/browserLink - 200 null text/javascript; charset=UTF-8 34.953ms
2025-10-24 16:26:35.438 +05:45  INF  Request starting HTTP/2 GET https://localhost:7189/_framework/aspnetcore-browser-refresh.js - null null
2025-10-24 16:26:35.439 +05:45  INF  Request finished HTTP/2 GET https://localhost:7189/_framework/aspnetcore-browser-refresh.js - 200 16499 application/javascript; charset=utf-8 1.4412ms
2025-10-24 16:26:35.455 +05:45  INF  Sending file. Request path: '/js/admin.js'. Physical path: 'C:\Users\ASUS\Desktop\HRMS\HRMSmvc\wwwroot\js\admin.js'
2025-10-24 16:26:35.455 +05:45  INF  Request finished HTTP/2 GET https://localhost:7189/js/admin.js - 200 18963 text/javascript 52.128ms
2025-10-24 16:27:03.790 +05:45  INF  Request starting HTTP/2 GET https://localhost:7189/Admin/Dashboard/Index - null null
2025-10-24 16:27:03.797 +05:45  INF  Executing endpoint 'HRMSmvc.Areas.Admin.Controllers.DashboardController.Index (HRMSmvc)'
2025-10-24 16:27:03.797 +05:45  INF  Route matched with {area = "Admin", action = "Index", controller = "Dashboard"}. Executing controller action with signature System.Threading.Tasks.Task`1[Microsoft.AspNetCore.Mvc.IActionResult] Index() on controller HRMSmvc.Areas.Admin.Controllers.DashboardController (HRMSmvc).
2025-10-24 16:27:03.850 +05:45  INF  Executing ViewResult, running view Index.
2025-10-24 16:27:03.854 +05:45  INF  Executed ViewResult - view Index executed in 4.103ms.
2025-10-24 16:27:03.854 +05:45  INF  Executed action HRMSmvc.Areas.Admin.Controllers.DashboardController.Index (HRMSmvc) in 56.64ms
2025-10-24 16:27:03.854 +05:45  INF  Executed endpoint 'HRMSmvc.Areas.Admin.Controllers.DashboardController.Index (HRMSmvc)'
2025-10-24 16:27:03.854 +05:45  INF  Request finished HTTP/2 GET https://localhost:7189/Admin/Dashboard/Index - 200 null text/html; charset=utf-8 63.7038ms
2025-10-24 16:27:04.033 +05:45  INF  Request starting HTTP/2 GET https://localhost:7189/js/admin.js - null null
2025-10-24 16:27:04.034 +05:45  INF  Request starting HTTP/2 GET https://localhost:7189/_framework/aspnetcore-browser-refresh.js - null null
2025-10-24 16:27:04.035 +05:45  INF  Request finished HTTP/2 GET https://localhost:7189/_framework/aspnetcore-browser-refresh.js - 200 16499 application/javascript; charset=utf-8 1.0118ms
2025-10-24 16:27:04.040 +05:45  INF  Request starting HTTP/2 GET https://localhost:7189/_vs/browserLink - null null
2025-10-24 16:27:04.049 +05:45  INF  Request finished HTTP/2 GET https://localhost:7189/_vs/browserLink - 200 null text/javascript; charset=UTF-8 8.6716ms
2025-10-24 16:27:04.067 +05:45  INF  Sending file. Request path: '/js/admin.js'. Physical path: 'C:\Users\ASUS\Desktop\HRMS\HRMSmvc\wwwroot\js\admin.js'
2025-10-24 16:27:04.067 +05:45  INF  Request finished HTTP/2 GET https://localhost:7189/js/admin.js - 200 18972 text/javascript 33.9779ms
2025-10-24 16:27:27.513 +05:45  INF  User profile is available. Using 'C:\Users\ASUS\AppData\Local\ASP.NET\DataProtection-Keys' as key repository and Windows DPAPI to encrypt keys at rest.
2025-10-24 16:27:27.868 +05:45  INF  Now listening on: https://localhost:7189
2025-10-24 16:27:27.883 +05:45  INF  Now listening on: http://localhost:5227
2025-10-24 16:27:28.051 +05:45  INF  Application started. Press Ctrl+C to shut down.
2025-10-24 16:27:28.052 +05:45  INF  Hosting environment: Development
2025-10-24 16:27:28.052 +05:45  INF  Content root path: C:\Users\ASUS\Desktop\HRMS\HRMSmvc
2025-10-24 16:27:28.450 +05:45  INF  Request starting HTTP/2 GET https://localhost:7189/ - null null
2025-10-24 16:27:28.636 +05:45  INF  Executing endpoint 'HRMSmvc.Controllers.AuthController.Login (HRMSmvc)'
2025-10-24 16:27:28.697 +05:45  INF  Route matched with {action = "Login", controller = "Auth", area = ""}. Executing controller action with signature Microsoft.AspNetCore.Mvc.IActionResult Login() on controller HRMSmvc.Controllers.AuthController (HRMSmvc).
2025-10-24 16:27:28.716 +05:45  INF  Executing ViewResult, running view login.
2025-10-24 16:27:28.872 +05:45  INF  Executed ViewResult - view login executed in 158.7998ms.
2025-10-24 16:27:28.901 +05:45  INF  Executed action HRMSmvc.Controllers.AuthController.Login (HRMSmvc) in 202.1943ms
2025-10-24 16:27:28.903 +05:45  INF  Executed endpoint 'HRMSmvc.Controllers.AuthController.Login (HRMSmvc)'
2025-10-24 16:27:28.919 +05:45  INF  Request finished HTTP/2 GET https://localhost:7189/ - 200 null text/html; charset=utf-8 472.2717ms
2025-10-24 16:27:28.967 +05:45  INF  Request starting HTTP/2 GET https://localhost:7189/_framework/aspnetcore-browser-refresh.js - null null
2025-10-24 16:27:28.976 +05:45  INF  Request finished HTTP/2 GET https://localhost:7189/_framework/aspnetcore-browser-refresh.js - 200 16499 application/javascript; charset=utf-8 9.1079ms
2025-10-24 16:27:29.485 +05:45  INF  Request starting HTTP/2 GET https://localhost:7189/_vs/browserLink - null null
2025-10-24 16:27:29.531 +05:45  INF  Request finished HTTP/2 GET https://localhost:7189/_vs/browserLink - 200 null text/javascript; charset=UTF-8 46.2095ms
2025-10-24 16:28:13.891 +05:45  INF  Request starting HTTP/2 POST https://localhost:7189/ - application/x-www-form-urlencoded; charset=UTF-8 224
2025-10-24 16:28:13.894 +05:45  INF  Executing endpoint 'HRMSmvc.Controllers.AuthController.LoginAsync (HRMSmvc)'
2025-10-24 16:28:13.906 +05:45  INF  Route matched with {action = "Login", controller = "Auth", area = ""}. Executing controller action with signature System.Threading.Tasks.Task`1[Microsoft.AspNetCore.Mvc.IActionResult] LoginAsync(Domain.DTO.LoginDTO) on controller HRMSmvc.Controllers.AuthController (HRMSmvc).
2025-10-24 16:28:20.338 +05:45  INF  AuthenticationScheme: Cookies signed in.
2025-10-24 16:28:20.344 +05:45  INF  Executing JsonResult, writing value of type 'Domain.Models.ApiResponse`1[[Domain.DTO.LoginResponseDto, Domain, Version=1.0.0.0, Culture=neutral, PublicKeyToken=null]]'.
2025-10-24 16:28:20.749 +05:45  INF  Executed action HRMSmvc.Controllers.AuthController.LoginAsync (HRMSmvc) in 6843.1124ms
2025-10-24 16:28:20.749 +05:45  INF  Executed endpoint 'HRMSmvc.Controllers.AuthController.LoginAsync (HRMSmvc)'
2025-10-24 16:28:20.750 +05:45  INF  Request finished HTTP/2 POST https://localhost:7189/ - 200 null application/json; charset=utf-8 6858.1144ms
2025-10-24 16:28:21.637 +05:45  INF  Request starting HTTP/2 GET https://localhost:7189/Admin/Dashboard/Index - null null
2025-10-24 16:28:21.670 +05:45  INF  Executing endpoint 'HRMSmvc.Areas.Admin.Controllers.DashboardController.Index (HRMSmvc)'
2025-10-24 16:28:21.675 +05:45  INF  Route matched with {area = "Admin", action = "Index", controller = "Dashboard"}. Executing controller action with signature System.Threading.Tasks.Task`1[Microsoft.AspNetCore.Mvc.IActionResult] Index() on controller HRMSmvc.Areas.Admin.Controllers.DashboardController (HRMSmvc).
2025-10-24 16:28:21.998 +05:45  INF  Executing ViewResult, running view Index.
2025-10-24 16:28:22.038 +05:45  INF  Executed ViewResult - view Index executed in 41.2334ms.
2025-10-24 16:28:22.038 +05:45  INF  Executed action HRMSmvc.Areas.Admin.Controllers.DashboardController.Index (HRMSmvc) in 362.8858ms
2025-10-24 16:28:22.038 +05:45  INF  Executed endpoint 'HRMSmvc.Areas.Admin.Controllers.DashboardController.Index (HRMSmvc)'
2025-10-24 16:28:22.038 +05:45  INF  Request finished HTTP/2 GET https://localhost:7189/Admin/Dashboard/Index - 200 null text/html; charset=utf-8 401.6746ms
2025-10-24 16:28:22.110 +05:45  INF  Request starting HTTP/2 GET https://localhost:7189/js/admin.js - null null
2025-10-24 16:28:22.111 +05:45  INF  Request starting HTTP/2 GET https://localhost:7189/_framework/aspnetcore-browser-refresh.js - null null
2025-10-24 16:28:22.113 +05:45  INF  Request finished HTTP/2 GET https://localhost:7189/_framework/aspnetcore-browser-refresh.js - 200 16499 application/javascript; charset=utf-8 2.483ms
2025-10-24 16:28:22.122 +05:45  INF  The file /js/admin.js was not modified
2025-10-24 16:28:22.123 +05:45  INF  Request finished HTTP/2 GET https://localhost:7189/js/admin.js - 304 null text/javascript 12.3312ms
2025-10-24 16:28:22.211 +05:45  INF  Request starting HTTP/2 GET https://localhost:7189/_vs/browserLink - null null
2025-10-24 16:28:22.237 +05:45  INF  Request finished HTTP/2 GET https://localhost:7189/_vs/browserLink - 200 null text/javascript; charset=UTF-8 26.3055ms
2025-10-24 16:28:32.526 +05:45  INF  Request starting HTTP/2 GET https://localhost:7189/Admin/Dashboard/Index - null null
2025-10-24 16:28:32.530 +05:45  INF  Executing endpoint 'HRMSmvc.Areas.Admin.Controllers.DashboardController.Index (HRMSmvc)'
2025-10-24 16:28:32.530 +05:45  INF  Route matched with {area = "Admin", action = "Index", controller = "Dashboard"}. Executing controller action with signature System.Threading.Tasks.Task`1[Microsoft.AspNetCore.Mvc.IActionResult] Index() on controller HRMSmvc.Areas.Admin.Controllers.DashboardController (HRMSmvc).
2025-10-24 16:28:32.572 +05:45  INF  Executing ViewResult, running view Index.
2025-10-24 16:28:32.576 +05:45  INF  Executed ViewResult - view Index executed in 4.401ms.
2025-10-24 16:28:32.576 +05:45  INF  Executed action HRMSmvc.Areas.Admin.Controllers.DashboardController.Index (HRMSmvc) in 45.8055ms
2025-10-24 16:28:32.576 +05:45  INF  Executed endpoint 'HRMSmvc.Areas.Admin.Controllers.DashboardController.Index (HRMSmvc)'
2025-10-24 16:28:32.576 +05:45  INF  Request finished HTTP/2 GET https://localhost:7189/Admin/Dashboard/Index - 200 null text/html; charset=utf-8 49.7858ms
2025-10-24 16:28:40.295 +05:45  INF  Request starting HTTP/2 GET https://localhost:7189/Admin/Dashboard/Index - null null
2025-10-24 16:28:40.298 +05:45  INF  Executing endpoint 'HRMSmvc.Areas.Admin.Controllers.DashboardController.Index (HRMSmvc)'
2025-10-24 16:28:40.298 +05:45  INF  Route matched with {area = "Admin", action = "Index", controller = "Dashboard"}. Executing controller action with signature System.Threading.Tasks.Task`1[Microsoft.AspNetCore.Mvc.IActionResult] Index() on controller HRMSmvc.Areas.Admin.Controllers.DashboardController (HRMSmvc).
2025-10-24 16:28:40.337 +05:45  INF  Executing ViewResult, running view Index.
2025-10-24 16:28:40.342 +05:45  INF  Executed ViewResult - view Index executed in 4.9308ms.
2025-10-24 16:28:40.345 +05:45  INF  Executed action HRMSmvc.Areas.Admin.Controllers.DashboardController.Index (HRMSmvc) in 47.2786ms
2025-10-24 16:28:40.345 +05:45  INF  Executed endpoint 'HRMSmvc.Areas.Admin.Controllers.DashboardController.Index (HRMSmvc)'
2025-10-24 16:28:40.347 +05:45  INF  Request finished HTTP/2 GET https://localhost:7189/Admin/Dashboard/Index - 200 null text/html; charset=utf-8 51.7619ms
2025-10-24 16:28:43.967 +05:45  INF  Request starting HTTP/2 GET https://localhost:7189/.well-known/appspecific/com.chrome.devtools.json - null null
2025-10-24 16:28:43.969 +05:45  INF  Request finished HTTP/2 GET https://localhost:7189/.well-known/appspecific/com.chrome.devtools.json - 404 0 null 2.8221ms
2025-10-24 16:28:43.970 +05:45  INF  Request reached the end of the middleware pipeline without being handled by application code. Request path: GET https://localhost:7189/.well-known/appspecific/com.chrome.devtools.json, Response status code: 404
2025-10-24 16:28:44.690 +05:45  INF  Request starting HTTP/2 GET https://localhost:7189/vendor/chart.umd.js.map - null null
2025-10-24 16:28:44.690 +05:45  INF  Request starting HTTP/2 GET https://localhost:7189/vendor/quill.js.map - null null
2025-10-24 16:28:44.690 +05:45  INF  Request starting HTTP/2 GET https://localhost:7189/vendor/bootstrap.bundle.min.js.map - null null
2025-10-24 16:28:44.691 +05:45  INF  The file /vendor/quill.js.map was not modified
2025-10-24 16:28:44.691 +05:45  INF  The file /vendor/bootstrap.bundle.min.js.map was not modified
2025-10-24 16:28:44.691 +05:45  INF  The file /vendor/chart.umd.js.map was not modified
2025-10-24 16:28:44.691 +05:45  INF  Request finished HTTP/2 GET https://localhost:7189/vendor/chart.umd.js.map - 304 null text/plain 0.9181ms
2025-10-24 16:28:44.691 +05:45  INF  Request finished HTTP/2 GET https://localhost:7189/vendor/bootstrap.bundle.min.js.map - 304 null text/plain 0.9165ms
2025-10-24 16:28:44.691 +05:45  INF  Request finished HTTP/2 GET https://localhost:7189/vendor/quill.js.map - 304 null text/plain 0.9168ms
2025-10-24 16:28:44.821 +05:45  INF  Request starting HTTP/2 GET https://localhost:7189/vendor/quill.snow.css.map - null null
2025-10-24 16:28:44.821 +05:45  INF  Request starting HTTP/2 GET https://localhost:7189/vendor/bootstrap.min.css.map - null null
2025-10-24 16:28:44.822 +05:45  INF  The file /vendor/quill.snow.css.map was not modified
2025-10-24 16:28:44.822 +05:45  INF  The file /vendor/bootstrap.min.css.map was not modified
2025-10-24 16:28:44.822 +05:45  INF  Request finished HTTP/2 GET https://localhost:7189/vendor/bootstrap.min.css.map - 304 null text/plain 0.4471ms
2025-10-24 16:28:44.822 +05:45  INF  Request finished HTTP/2 GET https://localhost:7189/vendor/quill.snow.css.map - 304 null text/plain 1.0294ms
2025-10-24 16:28:44.824 +05:45  INF  Request starting HTTP/2 GET https://localhost:7189/vendor/quill.bubble.css.map - null null
2025-10-24 16:28:44.824 +05:45  INF  The file /vendor/quill.bubble.css.map was not modified
2025-10-24 16:28:44.824 +05:45  INF  Request finished HTTP/2 GET https://localhost:7189/vendor/quill.bubble.css.map - 304 null text/plain 0.5115ms
2025-10-24 16:28:52.269 +05:45  INF  Request starting HTTP/2 GET https://localhost:7189/Admin/Dashboard/Index - null null
2025-10-24 16:28:52.270 +05:45  INF  Executing endpoint 'HRMSmvc.Areas.Admin.Controllers.DashboardController.Index (HRMSmvc)'
2025-10-24 16:28:52.270 +05:45  INF  Route matched with {area = "Admin", action = "Index", controller = "Dashboard"}. Executing controller action with signature System.Threading.Tasks.Task`1[Microsoft.AspNetCore.Mvc.IActionResult] Index() on controller HRMSmvc.Areas.Admin.Controllers.DashboardController (HRMSmvc).
2025-10-24 16:28:52.306 +05:45  INF  Executing ViewResult, running view Index.
2025-10-24 16:28:52.312 +05:45  INF  Executed ViewResult - view Index executed in 6.216ms.
2025-10-24 16:28:52.313 +05:45  INF  Executed action HRMSmvc.Areas.Admin.Controllers.DashboardController.Index (HRMSmvc) in 42.5089ms
2025-10-24 16:28:52.313 +05:45  INF  Executed endpoint 'HRMSmvc.Areas.Admin.Controllers.DashboardController.Index (HRMSmvc)'
2025-10-24 16:28:52.313 +05:45  INF  Request finished HTTP/2 GET https://localhost:7189/Admin/Dashboard/Index - 200 null text/html; charset=utf-8 44.3199ms
2025-10-24 16:29:22.358 +05:45  INF  Request starting HTTP/2 GET https://localhost:7189/Admin/Dashboard/Index - null null
2025-10-24 16:29:22.371 +05:45  INF  Executing endpoint 'HRMSmvc.Areas.Admin.Controllers.DashboardController.Index (HRMSmvc)'
2025-10-24 16:29:22.371 +05:45  INF  Route matched with {area = "Admin", action = "Index", controller = "Dashboard"}. Executing controller action with signature System.Threading.Tasks.Task`1[Microsoft.AspNetCore.Mvc.IActionResult] Index() on controller HRMSmvc.Areas.Admin.Controllers.DashboardController (HRMSmvc).
2025-10-24 16:29:22.405 +05:45  INF  Executing ViewResult, running view Index.
2025-10-24 16:29:22.408 +05:45  INF  Executed ViewResult - view Index executed in 3.693ms.
2025-10-24 16:29:22.408 +05:45  INF  Executed action HRMSmvc.Areas.Admin.Controllers.DashboardController.Index (HRMSmvc) in 37.2016ms
2025-10-24 16:29:22.408 +05:45  INF  Executed endpoint 'HRMSmvc.Areas.Admin.Controllers.DashboardController.Index (HRMSmvc)'
2025-10-24 16:29:22.409 +05:45  INF  Request finished HTTP/2 GET https://localhost:7189/Admin/Dashboard/Index - 200 null text/html; charset=utf-8 50.7616ms
2025-10-24 16:29:22.454 +05:45  INF  Request starting HTTP/2 GET https://localhost:7189/.well-known/appspecific/com.chrome.devtools.json - null null
2025-10-24 16:29:22.457 +05:45  INF  Request finished HTTP/2 GET https://localhost:7189/.well-known/appspecific/com.chrome.devtools.json - 404 0 null 2.0176ms
2025-10-24 16:29:22.457 +05:45  INF  Request reached the end of the middleware pipeline without being handled by application code. Request path: GET https://localhost:7189/.well-known/appspecific/com.chrome.devtools.json, Response status code: 404
2025-10-24 16:29:23.317 +05:45  INF  Request starting HTTP/2 GET https://localhost:7189/_framework/aspnetcore-browser-refresh.js - null null
2025-10-24 16:29:23.317 +05:45  INF  Request starting HTTP/2 GET https://localhost:7189/js/admin.js - null null
2025-10-24 16:29:23.318 +05:45  INF  Request finished HTTP/2 GET https://localhost:7189/_framework/aspnetcore-browser-refresh.js - 200 16499 application/javascript; charset=utf-8 1.3512ms
2025-10-24 16:29:23.372 +05:45  INF  Request starting HTTP/2 GET https://localhost:7189/_vs/browserLink - null null
2025-10-24 16:29:23.380 +05:45  INF  Request finished HTTP/2 GET https://localhost:7189/_vs/browserLink - 200 null text/javascript; charset=UTF-8 8.3162ms
2025-10-24 16:29:23.489 +05:45  INF  Sending file. Request path: '/js/admin.js'. Physical path: 'C:\Users\ASUS\Desktop\HRMS\HRMSmvc\wwwroot\js\admin.js'
2025-10-24 16:29:23.489 +05:45  INF  Request finished HTTP/2 GET https://localhost:7189/js/admin.js - 200 18976 text/javascript 171.7739ms
2025-10-24 16:29:27.869 +05:45  INF  Request starting HTTP/2 GET https://localhost:7189/Admin/Dashboard/Index - null null
2025-10-24 16:29:27.872 +05:45  INF  Executing endpoint 'HRMSmvc.Areas.Admin.Controllers.DashboardController.Index (HRMSmvc)'
2025-10-24 16:29:27.872 +05:45  INF  Route matched with {area = "Admin", action = "Index", controller = "Dashboard"}. Executing controller action with signature System.Threading.Tasks.Task`1[Microsoft.AspNetCore.Mvc.IActionResult] Index() on controller HRMSmvc.Areas.Admin.Controllers.DashboardController (HRMSmvc).
2025-10-24 16:29:27.907 +05:45  INF  Executing ViewResult, running view Index.
2025-10-24 16:29:27.911 +05:45  INF  Executed ViewResult - view Index executed in 3.8147ms.
2025-10-24 16:29:27.911 +05:45  INF  Executed action HRMSmvc.Areas.Admin.Controllers.DashboardController.Index (HRMSmvc) in 38.9304ms
2025-10-24 16:29:27.912 +05:45  INF  Executed endpoint 'HRMSmvc.Areas.Admin.Controllers.DashboardController.Index (HRMSmvc)'
2025-10-24 16:29:27.912 +05:45  INF  Request finished HTTP/2 GET https://localhost:7189/Admin/Dashboard/Index - 200 null text/html; charset=utf-8 42.4963ms
2025-10-24 16:29:27.959 +05:45  INF  Request starting HTTP/2 GET https://localhost:7189/.well-known/appspecific/com.chrome.devtools.json - null null
2025-10-24 16:29:27.962 +05:45  INF  Request finished HTTP/2 GET https://localhost:7189/.well-known/appspecific/com.chrome.devtools.json - 404 0 null 3.0923ms
2025-10-24 16:29:27.962 +05:45  INF  Request reached the end of the middleware pipeline without being handled by application code. Request path: GET https://localhost:7189/.well-known/appspecific/com.chrome.devtools.json, Response status code: 404
2025-10-24 16:29:28.007 +05:45  INF  Request starting HTTP/2 GET https://localhost:7189/vendor/bootstrap.min.css - null null
2025-10-24 16:29:28.007 +05:45  INF  Request starting HTTP/2 GET https://localhost:7189/vendor/bootstrap-icons.css - null null
2025-10-24 16:29:28.008 +05:45  INF  Request starting HTTP/2 GET https://localhost:7189/vendor/bootstrap-icons.min.css - null null
2025-10-24 16:29:28.009 +05:45  INF  Request starting HTTP/2 GET https://localhost:7189/vendor/remixicon.css - null null
2025-10-24 16:29:28.019 +05:45  INF  Request starting HTTP/2 GET https://localhost:7189/vendor/style.css - null null
2025-10-24 16:29:28.019 +05:45  INF  Request starting HTTP/2 GET https://localhost:7189/css/style.css - null null
2025-10-24 16:29:28.020 +05:45  INF  Request starting HTTP/2 GET https://localhost:7189/vendor/apexcharts.min.js - null null
2025-10-24 16:29:28.022 +05:45  INF  Request starting HTTP/2 GET https://localhost:7189/vendor/quill.bubble.css - null null
2025-10-24 16:29:28.022 +05:45  INF  Request starting HTTP/2 GET https://localhost:7189/vendor/bootstrap.bundle.min.js - null null
2025-10-24 16:29:28.022 +05:45  INF  Request starting HTTP/2 GET https://localhost:7189/vendor/echarts.min.js - null null
2025-10-24 16:29:28.026 +05:45  INF  Request starting HTTP/2 GET https://localhost:7189/vendor/quill.js - null null
2025-10-24 16:29:28.026 +05:45  INF  Request starting HTTP/2 GET https://localhost:7189/vendor/chart.umd.js - null null
2025-10-24 16:29:28.026 +05:45  INF  Request starting HTTP/2 GET https://localhost:7189/vendor/tinymce.min.js - null null
2025-10-24 16:29:28.026 +05:45  INF  Request starting HTTP/2 GET https://localhost:7189/vendor/simple-datatables.js - null null
2025-10-24 16:29:28.033 +05:45  INF  Request starting HTTP/2 GET https://localhost:7189/vendor/quill.snow.css - null null
2025-10-24 16:29:28.038 +05:45  INF  Request starting HTTP/2 GET https://localhost:7189/js/admin.js - null null
2025-10-24 16:29:28.038 +05:45  INF  Request starting HTTP/2 GET https://localhost:7189/vendor/validate.js - null null
2025-10-24 16:29:28.038 +05:45  INF  Request starting HTTP/2 GET https://localhost:7189/js/main.js - null null
2025-10-24 16:29:28.039 +05:45  INF  Request starting HTTP/2 GET https://localhost:7189/_framework/aspnetcore-browser-refresh.js - null null
2025-10-24 16:29:28.044 +05:45  INF  Sending file. Request path: '/vendor/validate.js'. Physical path: 'C:\Users\ASUS\Desktop\HRMS\HRMSmvc\wwwroot\vendor\validate.js'
2025-10-24 16:29:28.044 +05:45  INF  Request finished HTTP/2 GET https://localhost:7189/vendor/validate.js - 200 2734 text/javascript 5.6464ms
2025-10-24 16:29:28.064 +05:45  INF  Sending file. Request path: '/vendor/style.css'. Physical path: 'C:\Users\ASUS\Desktop\HRMS\HRMSmvc\wwwroot\vendor\style.css'
2025-10-24 16:29:28.066 +05:45  INF  Request finished HTTP/2 GET https://localhost:7189/vendor/style.css - 200 5115 text/css 47.9632ms
2025-10-24 16:29:28.081 +05:45  INF  Request finished HTTP/2 GET https://localhost:7189/_framework/aspnetcore-browser-refresh.js - 200 16499 application/javascript; charset=utf-8 42.0668ms
2025-10-24 16:29:28.083 +05:45  INF  Sending file. Request path: '/js/main.js'. Physical path: 'C:\Users\ASUS\Desktop\HRMS\HRMSmvc\wwwroot\js\main.js'
2025-10-24 16:29:28.083 +05:45  INF  Request finished HTTP/2 GET https://localhost:7189/js/main.js - 200 9966 text/javascript 44.9131ms
2025-10-24 16:29:28.084 +05:45  INF  Sending file. Request path: '/js/admin.js'. Physical path: 'C:\Users\ASUS\Desktop\HRMS\HRMSmvc\wwwroot\js\admin.js'
2025-10-24 16:29:28.084 +05:45  INF  Request finished HTTP/2 GET https://localhost:7189/js/admin.js - 200 18976 text/javascript 45.5309ms
2025-10-24 16:29:28.084 +05:45  INF  Sending file. Request path: '/css/style.css'. Physical path: 'C:\Users\ASUS\Desktop\HRMS\HRMSmvc\wwwroot\css\style.css'
2025-10-24 16:29:28.085 +05:45  INF  Request finished HTTP/2 GET https://localhost:7189/css/style.css - 200 21002 text/css 66.1802ms
2025-10-24 16:29:28.091 +05:45  INF  Sending file. Request path: '/vendor/quill.bubble.css'. Physical path: 'C:\Users\ASUS\Desktop\HRMS\HRMSmvc\wwwroot\vendor\quill.bubble.css'
2025-10-24 16:29:28.092 +05:45  INF  Request finished HTTP/2 GET https://localhost:7189/vendor/quill.bubble.css - 200 25216 text/css 70.9263ms
2025-10-24 16:29:28.092 +05:45  INF  Sending file. Request path: '/vendor/quill.snow.css'. Physical path: 'C:\Users\ASUS\Desktop\HRMS\HRMSmvc\wwwroot\vendor\quill.snow.css'
2025-10-24 16:29:28.092 +05:45  INF  Request finished HTTP/2 GET https://localhost:7189/vendor/quill.snow.css - 200 24606 text/css 64.0026ms
2025-10-24 16:29:28.106 +05:45  INF  Sending file. Request path: '/vendor/bootstrap.bundle.min.js'. Physical path: 'C:\Users\ASUS\Desktop\HRMS\HRMSmvc\wwwroot\vendor\bootstrap.bundle.min.js'
2025-10-24 16:29:28.106 +05:45  INF  Request finished HTTP/2 GET https://localhost:7189/vendor/bootstrap.bundle.min.js - 200 80721 text/javascript 83.8504ms
2025-10-24 16:29:28.112 +05:45  INF  Sending file. Request path: '/vendor/bootstrap-icons.min.css'. Physical path: 'C:\Users\ASUS\Desktop\HRMS\HRMSmvc\wwwroot\vendor\bootstrap-icons.min.css'
2025-10-24 16:29:28.112 +05:45  INF  Request finished HTTP/2 GET https://localhost:7189/vendor/bootstrap-icons.min.css - 200 85875 text/css 104.2727ms
2025-10-24 16:29:28.124 +05:45  INF  Sending file. Request path: '/vendor/bootstrap-icons.css'. Physical path: 'C:\Users\ASUS\Desktop\HRMS\HRMSmvc\wwwroot\vendor\bootstrap-icons.css'
2025-10-24 16:29:28.125 +05:45  INF  Request finished HTTP/2 GET https://localhost:7189/vendor/bootstrap-icons.css - 200 98255 text/css 117.2747ms
2025-10-24 16:29:28.128 +05:45  INF  Sending file. Request path: '/vendor/simple-datatables.js'. Physical path: 'C:\Users\ASUS\Desktop\HRMS\HRMSmvc\wwwroot\vendor\simple-datatables.js'
2025-10-24 16:29:28.130 +05:45  INF  Sending file. Request path: '/vendor/remixicon.css'. Physical path: 'C:\Users\ASUS\Desktop\HRMS\HRMSmvc\wwwroot\vendor\remixicon.css'
2025-10-24 16:29:28.131 +05:45  INF  Request finished HTTP/2 GET https://localhost:7189/vendor/remixicon.css - 200 138761 text/css 121.5035ms
2025-10-24 16:29:28.139 +05:45  INF  Request finished HTTP/2 GET https://localhost:7189/vendor/simple-datatables.js - 200 98086 text/javascript 112.082ms
2025-10-24 16:29:28.140 +05:45  INF  Sending file. Request path: '/vendor/quill.js'. Physical path: 'C:\Users\ASUS\Desktop\HRMS\HRMSmvc\wwwroot\vendor\quill.js'
2025-10-24 16:29:28.140 +05:45  INF  Request finished HTTP/2 GET https://localhost:7189/vendor/quill.js - 200 209340 text/javascript 114.1629ms
2025-10-24 16:29:28.149 +05:45  INF  Sending file. Request path: '/vendor/chart.umd.js'. Physical path: 'C:\Users\ASUS\Desktop\HRMS\HRMSmvc\wwwroot\vendor\chart.umd.js'
2025-10-24 16:29:28.149 +05:45  INF  Sending file. Request path: '/vendor/bootstrap.min.css'. Physical path: 'C:\Users\ASUS\Desktop\HRMS\HRMSmvc\wwwroot\vendor\bootstrap.min.css'
2025-10-24 16:29:28.149 +05:45  INF  Request finished HTTP/2 GET https://localhost:7189/vendor/bootstrap.min.css - 200 232803 text/css 141.2678ms
2025-10-24 16:29:28.149 +05:45  INF  Request finished HTTP/2 GET https://localhost:7189/vendor/chart.umd.js - 200 205363 text/javascript 122.8796ms
2025-10-24 16:29:28.172 +05:45  INF  Sending file. Request path: '/vendor/tinymce.min.js'. Physical path: 'C:\Users\ASUS\Desktop\HRMS\HRMSmvc\wwwroot\vendor\tinymce.min.js'
2025-10-24 16:29:28.172 +05:45  INF  Request finished HTTP/2 GET https://localhost:7189/vendor/tinymce.min.js - 200 436122 text/javascript 146.1613ms
2025-10-24 16:29:28.180 +05:45  INF  Sending file. Request path: '/vendor/apexcharts.min.js'. Physical path: 'C:\Users\ASUS\Desktop\HRMS\HRMSmvc\wwwroot\vendor\apexcharts.min.js'
2025-10-24 16:29:28.180 +05:45  INF  Request finished HTTP/2 GET https://localhost:7189/vendor/apexcharts.min.js - 200 533680 text/javascript 159.8559ms
2025-10-24 16:29:28.198 +05:45  INF  Sending file. Request path: '/vendor/echarts.min.js'. Physical path: 'C:\Users\ASUS\Desktop\HRMS\HRMSmvc\wwwroot\vendor\echarts.min.js'
2025-10-24 16:29:28.198 +05:45  INF  Request finished HTTP/2 GET https://localhost:7189/vendor/echarts.min.js - 200 1029203 text/javascript 176.3165ms
2025-10-24 16:29:28.424 +05:45  INF  Request starting HTTP/2 GET https://localhost:7189/_vs/browserLink - null null
2025-10-24 16:29:28.432 +05:45  INF  Request finished HTTP/2 GET https://localhost:7189/_vs/browserLink - 200 null text/javascript; charset=UTF-8 8.3591ms
2025-10-24 16:29:29.055 +05:45  INF  Request starting HTTP/2 GET https://localhost:7189/favicon.ico - null null
2025-10-24 16:29:29.058 +05:45  INF  Sending file. Request path: '/favicon.ico'. Physical path: 'C:\Users\ASUS\Desktop\HRMS\HRMSmvc\wwwroot\favicon.ico'
2025-10-24 16:29:29.058 +05:45  INF  Request finished HTTP/2 GET https://localhost:7189/favicon.ico - 200 5430 image/x-icon 2.862ms
2025-10-24 16:29:33.301 +05:45  INF  Request starting HTTP/2 GET https://localhost:7189/Admin/Dashboard/Index - null null
2025-10-24 16:29:33.302 +05:45  INF  Executing endpoint 'HRMSmvc.Areas.Admin.Controllers.DashboardController.Index (HRMSmvc)'
2025-10-24 16:29:33.302 +05:45  INF  Route matched with {area = "Admin", action = "Index", controller = "Dashboard"}. Executing controller action with signature System.Threading.Tasks.Task`1[Microsoft.AspNetCore.Mvc.IActionResult] Index() on controller HRMSmvc.Areas.Admin.Controllers.DashboardController (HRMSmvc).
2025-10-24 16:29:33.332 +05:45  INF  Executing ViewResult, running view Index.
2025-10-24 16:29:33.334 +05:45  INF  Executed ViewResult - view Index executed in 2.4172ms.
2025-10-24 16:29:33.335 +05:45  INF  Executed action HRMSmvc.Areas.Admin.Controllers.DashboardController.Index (HRMSmvc) in 32.0076ms
2025-10-24 16:29:33.335 +05:45  INF  Executed endpoint 'HRMSmvc.Areas.Admin.Controllers.DashboardController.Index (HRMSmvc)'
2025-10-24 16:29:33.335 +05:45  INF  Request finished HTTP/2 GET https://localhost:7189/Admin/Dashboard/Index - 200 null text/html; charset=utf-8 33.8591ms
2025-10-24 16:29:37.586 +05:45  INF  Request starting HTTP/2 GET https://localhost:7189/.well-known/appspecific/com.chrome.devtools.json - null null
2025-10-24 16:29:37.587 +05:45  INF  Request finished HTTP/2 GET https://localhost:7189/.well-known/appspecific/com.chrome.devtools.json - 404 0 null 0.9023ms
2025-10-24 16:29:37.587 +05:45  INF  Request reached the end of the middleware pipeline without being handled by application code. Request path: GET https://localhost:7189/.well-known/appspecific/com.chrome.devtools.json, Response status code: 404
2025-10-24 16:29:53.069 +05:45  INF  Request starting HTTP/2 GET https://localhost:7189/Admin/Dashboard/Index - null null
2025-10-24 16:29:53.073 +05:45  INF  Executing endpoint 'HRMSmvc.Areas.Admin.Controllers.DashboardController.Index (HRMSmvc)'
2025-10-24 16:29:53.073 +05:45  INF  Route matched with {area = "Admin", action = "Index", controller = "Dashboard"}. Executing controller action with signature System.Threading.Tasks.Task`1[Microsoft.AspNetCore.Mvc.IActionResult] Index() on controller HRMSmvc.Areas.Admin.Controllers.DashboardController (HRMSmvc).
2025-10-24 16:29:53.105 +05:45  INF  Executing ViewResult, running view Index.
2025-10-24 16:29:53.108 +05:45  INF  Executed ViewResult - view Index executed in 3.5831ms.
2025-10-24 16:29:53.109 +05:45  INF  Executed action HRMSmvc.Areas.Admin.Controllers.DashboardController.Index (HRMSmvc) in 35.1475ms
2025-10-24 16:29:53.109 +05:45  INF  Executed endpoint 'HRMSmvc.Areas.Admin.Controllers.DashboardController.Index (HRMSmvc)'
2025-10-24 16:29:53.109 +05:45  INF  Request finished HTTP/2 GET https://localhost:7189/Admin/Dashboard/Index - 200 null text/html; charset=utf-8 39.6613ms
2025-10-24 16:29:53.144 +05:45  INF  Request starting HTTP/2 GET https://localhost:7189/.well-known/appspecific/com.chrome.devtools.json - null null
2025-10-24 16:29:53.145 +05:45  INF  Request finished HTTP/2 GET https://localhost:7189/.well-known/appspecific/com.chrome.devtools.json - 404 0 null 0.8171ms
2025-10-24 16:29:53.145 +05:45  INF  Request reached the end of the middleware pipeline without being handled by application code. Request path: GET https://localhost:7189/.well-known/appspecific/com.chrome.devtools.json, Response status code: 404
2025-10-24 16:29:53.149 +05:45  INF  Request starting HTTP/2 GET https://localhost:7189/js/admin.js - null null
2025-10-24 16:29:53.152 +05:45  INF  Request starting HTTP/2 GET https://localhost:7189/_vs/browserLink - null null
2025-10-24 16:29:53.153 +05:45  INF  Request starting HTTP/2 GET https://localhost:7189/_framework/aspnetcore-browser-refresh.js - null null
2025-10-24 16:29:53.154 +05:45  INF  Request finished HTTP/2 GET https://localhost:7189/_framework/aspnetcore-browser-refresh.js - 200 16499 application/javascript; charset=utf-8 1.1335ms
2025-10-24 16:29:53.167 +05:45  INF  Request finished HTTP/2 GET https://localhost:7189/_vs/browserLink - 200 null text/javascript; charset=UTF-8 14.284ms
2025-10-24 16:29:53.210 +05:45  INF  Sending file. Request path: '/js/admin.js'. Physical path: 'C:\Users\ASUS\Desktop\HRMS\HRMSmvc\wwwroot\js\admin.js'
2025-10-24 16:29:53.210 +05:45  INF  Request finished HTTP/2 GET https://localhost:7189/js/admin.js - 200 18976 text/javascript 61.0492ms
2025-10-24 16:29:56.555 +05:45  INF  Request starting HTTP/2 GET https://localhost:7189/Admin/Dashboard/Index - null null
2025-10-24 16:29:56.559 +05:45  INF  Executing endpoint 'HRMSmvc.Areas.Admin.Controllers.DashboardController.Index (HRMSmvc)'
2025-10-24 16:29:56.559 +05:45  INF  Route matched with {area = "Admin", action = "Index", controller = "Dashboard"}. Executing controller action with signature System.Threading.Tasks.Task`1[Microsoft.AspNetCore.Mvc.IActionResult] Index() on controller HRMSmvc.Areas.Admin.Controllers.DashboardController (HRMSmvc).
2025-10-24 16:29:56.598 +05:45  INF  Executing ViewResult, running view Index.
2025-10-24 16:29:56.601 +05:45  INF  Executed ViewResult - view Index executed in 2.6388ms.
2025-10-24 16:29:56.601 +05:45  INF  Executed action HRMSmvc.Areas.Admin.Controllers.DashboardController.Index (HRMSmvc) in 41.5444ms
2025-10-24 16:29:56.601 +05:45  INF  Executed endpoint 'HRMSmvc.Areas.Admin.Controllers.DashboardController.Index (HRMSmvc)'
2025-10-24 16:29:56.601 +05:45  INF  Request finished HTTP/2 GET https://localhost:7189/Admin/Dashboard/Index - 200 null text/html; charset=utf-8 45.9553ms
2025-10-24 16:29:56.643 +05:45  INF  Request starting HTTP/2 GET https://localhost:7189/.well-known/appspecific/com.chrome.devtools.json - null null
2025-10-24 16:29:56.645 +05:45  INF  Request finished HTTP/2 GET https://localhost:7189/.well-known/appspecific/com.chrome.devtools.json - 404 0 null 1.849ms
2025-10-24 16:29:56.645 +05:45  INF  Request reached the end of the middleware pipeline without being handled by application code. Request path: GET https://localhost:7189/.well-known/appspecific/com.chrome.devtools.json, Response status code: 404
2025-10-24 16:29:56.683 +05:45  INF  Request starting HTTP/2 GET https://localhost:7189/vendor/bootstrap-icons.css - null null
2025-10-24 16:29:56.683 +05:45  INF  Request starting HTTP/2 GET https://localhost:7189/vendor/bootstrap-icons.min.css - null null
2025-10-24 16:29:56.683 +05:45  INF  Request starting HTTP/2 GET https://localhost:7189/vendor/bootstrap.min.css - null null
2025-10-24 16:29:56.684 +05:45  INF  Request starting HTTP/2 GET https://localhost:7189/vendor/quill.snow.css - null null
2025-10-24 16:29:56.684 +05:45  INF  Request starting HTTP/2 GET https://localhost:7189/vendor/quill.bubble.css - null null
2025-10-24 16:29:56.694 +05:45  INF  Request starting HTTP/2 GET https://localhost:7189/vendor/remixicon.css - null null
2025-10-24 16:29:56.695 +05:45  INF  Request starting HTTP/2 GET https://localhost:7189/vendor/style.css - null null
2025-10-24 16:29:56.702 +05:45  INF  Request starting HTTP/2 GET https://localhost:7189/css/style.css - null null
2025-10-24 16:29:56.703 +05:45  INF  Request starting HTTP/2 GET https://localhost:7189/vendor/apexcharts.min.js - null null
2025-10-24 16:29:56.703 +05:45  INF  Request starting HTTP/2 GET https://localhost:7189/vendor/bootstrap.bundle.min.js - null null
2025-10-24 16:29:56.722 +05:45  INF  Request starting HTTP/2 GET https://localhost:7189/vendor/echarts.min.js - null null
2025-10-24 16:29:56.722 +05:45  INF  Request starting HTTP/2 GET https://localhost:7189/vendor/quill.js - null null
2025-10-24 16:29:56.723 +05:45  INF  Request starting HTTP/2 GET https://localhost:7189/vendor/simple-datatables.js - null null
2025-10-24 16:29:56.723 +05:45  INF  Request starting HTTP/2 GET https://localhost:7189/vendor/tinymce.min.js - null null
2025-10-24 16:29:56.723 +05:45  INF  Request starting HTTP/2 GET https://localhost:7189/vendor/chart.umd.js - null null
2025-10-24 16:29:56.723 +05:45  INF  Request starting HTTP/2 GET https://localhost:7189/js/main.js - null null
2025-10-24 16:29:56.724 +05:45  INF  Request starting HTTP/2 GET https://localhost:7189/vendor/validate.js - null null
2025-10-24 16:29:56.728 +05:45  INF  Request starting HTTP/2 GET https://localhost:7189/js/admin.js - null null
2025-10-24 16:29:56.733 +05:45  INF  Request starting HTTP/2 GET https://localhost:7189/_framework/aspnetcore-browser-refresh.js - null null
2025-10-24 16:29:56.734 +05:45  INF  Sending file. Request path: '/vendor/quill.bubble.css'. Physical path: 'C:\Users\ASUS\Desktop\HRMS\HRMSmvc\wwwroot\vendor\quill.bubble.css'
2025-10-24 16:29:56.734 +05:45  INF  Request finished HTTP/2 GET https://localhost:7189/vendor/quill.bubble.css - 200 25216 text/css 50.7462ms
2025-10-24 16:29:56.735 +05:45  INF  Sending file. Request path: '/vendor/style.css'. Physical path: 'C:\Users\ASUS\Desktop\HRMS\HRMSmvc\wwwroot\vendor\style.css'
2025-10-24 16:29:56.735 +05:45  INF  Request finished HTTP/2 GET https://localhost:7189/vendor/style.css - 200 5115 text/css 40.6217ms
2025-10-24 16:29:56.736 +05:45  INF  Sending file. Request path: '/js/main.js'. Physical path: 'C:\Users\ASUS\Desktop\HRMS\HRMSmvc\wwwroot\js\main.js'
2025-10-24 16:29:56.736 +05:45  INF  Request finished HTTP/2 GET https://localhost:7189/js/main.js - 200 9966 text/javascript 12.8043ms
2025-10-24 16:29:56.736 +05:45  INF  Request finished HTTP/2 GET https://localhost:7189/_framework/aspnetcore-browser-refresh.js - 200 16499 application/javascript; charset=utf-8 3.6381ms
2025-10-24 16:29:56.736 +05:45  INF  Sending file. Request path: '/vendor/validate.js'. Physical path: 'C:\Users\ASUS\Desktop\HRMS\HRMSmvc\wwwroot\vendor\validate.js'
2025-10-24 16:29:56.737 +05:45  INF  Request finished HTTP/2 GET https://localhost:7189/vendor/validate.js - 200 2734 text/javascript 12.4947ms
2025-10-24 16:29:56.753 +05:45  INF  Sending file. Request path: '/css/style.css'. Physical path: 'C:\Users\ASUS\Desktop\HRMS\HRMSmvc\wwwroot\css\style.css'
2025-10-24 16:29:56.754 +05:45  INF  Request finished HTTP/2 GET https://localhost:7189/css/style.css - 200 21002 text/css 50.7086ms
2025-10-24 16:29:56.758 +05:45  INF  Sending file. Request path: '/js/admin.js'. Physical path: 'C:\Users\ASUS\Desktop\HRMS\HRMSmvc\wwwroot\js\admin.js'
2025-10-24 16:29:56.759 +05:45  INF  Request finished HTTP/2 GET https://localhost:7189/js/admin.js - 200 18976 text/javascript 30.3958ms
2025-10-24 16:29:56.759 +05:45  INF  Sending file. Request path: '/vendor/quill.snow.css'. Physical path: 'C:\Users\ASUS\Desktop\HRMS\HRMSmvc\wwwroot\vendor\quill.snow.css'
2025-10-24 16:29:56.759 +05:45  INF  Request finished HTTP/2 GET https://localhost:7189/vendor/quill.snow.css - 200 24606 text/css 75.3178ms
2025-10-24 16:29:56.771 +05:45  INF  Sending file. Request path: '/vendor/bootstrap-icons.min.css'. Physical path: 'C:\Users\ASUS\Desktop\HRMS\HRMSmvc\wwwroot\vendor\bootstrap-icons.min.css'
2025-10-24 16:29:56.771 +05:45  INF  Request finished HTTP/2 GET https://localhost:7189/vendor/bootstrap-icons.min.css - 200 85875 text/css 87.9793ms
2025-10-24 16:29:56.771 +05:45  INF  Sending file. Request path: '/vendor/bootstrap-icons.css'. Physical path: 'C:\Users\ASUS\Desktop\HRMS\HRMSmvc\wwwroot\vendor\bootstrap-icons.css'
2025-10-24 16:29:56.772 +05:45  INF  Request finished HTTP/2 GET https://localhost:7189/vendor/bootstrap-icons.css - 200 98255 text/css 88.4153ms
2025-10-24 16:29:56.777 +05:45  INF  Sending file. Request path: '/vendor/simple-datatables.js'. Physical path: 'C:\Users\ASUS\Desktop\HRMS\HRMSmvc\wwwroot\vendor\simple-datatables.js'
2025-10-24 16:29:56.778 +05:45  INF  Request finished HTTP/2 GET https://localhost:7189/vendor/simple-datatables.js - 200 98086 text/javascript 54.6855ms
2025-10-24 16:29:56.781 +05:45  INF  Sending file. Request path: '/vendor/remixicon.css'. Physical path: 'C:\Users\ASUS\Desktop\HRMS\HRMSmvc\wwwroot\vendor\remixicon.css'
2025-10-24 16:29:56.781 +05:45  INF  Request finished HTTP/2 GET https://localhost:7189/vendor/remixicon.css - 200 138761 text/css 86.7041ms
2025-10-24 16:29:56.787 +05:45  INF  Sending file. Request path: '/vendor/chart.umd.js'. Physical path: 'C:\Users\ASUS\Desktop\HRMS\HRMSmvc\wwwroot\vendor\chart.umd.js'
2025-10-24 16:29:56.788 +05:45  INF  Request finished HTTP/2 GET https://localhost:7189/vendor/chart.umd.js - 200 205363 text/javascript 64.8512ms
2025-10-24 16:29:56.791 +05:45  INF  Sending file. Request path: '/vendor/bootstrap.min.css'. Physical path: 'C:\Users\ASUS\Desktop\HRMS\HRMSmvc\wwwroot\vendor\bootstrap.min.css'
2025-10-24 16:29:56.792 +05:45  INF  Request finished HTTP/2 GET https://localhost:7189/vendor/bootstrap.min.css - 200 232803 text/css 108.5032ms
2025-10-24 16:29:56.792 +05:45  INF  Sending file. Request path: '/vendor/quill.js'. Physical path: 'C:\Users\ASUS\Desktop\HRMS\HRMSmvc\wwwroot\vendor\quill.js'
2025-10-24 16:29:56.793 +05:45  INF  Request finished HTTP/2 GET https://localhost:7189/vendor/quill.js - 200 209340 text/javascript 71.0639ms
2025-10-24 16:29:56.789 +05:45  INF  Sending file. Request path: '/vendor/bootstrap.bundle.min.js'. Physical path: 'C:\Users\ASUS\Desktop\HRMS\HRMSmvc\wwwroot\vendor\bootstrap.bundle.min.js'
2025-10-24 16:29:56.794 +05:45  INF  Request finished HTTP/2 GET https://localhost:7189/vendor/bootstrap.bundle.min.js - 200 80721 text/javascript 90.3045ms
2025-10-24 16:29:56.810 +05:45  INF  Sending file. Request path: '/vendor/apexcharts.min.js'. Physical path: 'C:\Users\ASUS\Desktop\HRMS\HRMSmvc\wwwroot\vendor\apexcharts.min.js'
2025-10-24 16:29:56.811 +05:45  INF  Request finished HTTP/2 GET https://localhost:7189/vendor/apexcharts.min.js - 200 533680 text/javascript 108.0047ms
2025-10-24 16:29:56.813 +05:45  INF  Sending file. Request path: '/vendor/tinymce.min.js'. Physical path: 'C:\Users\ASUS\Desktop\HRMS\HRMSmvc\wwwroot\vendor\tinymce.min.js'
2025-10-24 16:29:56.813 +05:45  INF  Request finished HTTP/2 GET https://localhost:7189/vendor/tinymce.min.js - 200 436122 text/javascript 89.6378ms
2025-10-24 16:29:56.845 +05:45  INF  Sending file. Request path: '/vendor/echarts.min.js'. Physical path: 'C:\Users\ASUS\Desktop\HRMS\HRMSmvc\wwwroot\vendor\echarts.min.js'
2025-10-24 16:29:56.845 +05:45  INF  Request finished HTTP/2 GET https://localhost:7189/vendor/echarts.min.js - 200 1029203 text/javascript 123.0541ms
2025-10-24 16:29:57.112 +05:45  INF  Request starting HTTP/2 GET https://localhost:7189/_vs/browserLink - null null
2025-10-24 16:29:57.124 +05:45  INF  Request finished HTTP/2 GET https://localhost:7189/_vs/browserLink - 200 null text/javascript; charset=UTF-8 11.5436ms
2025-10-24 16:29:57.665 +05:45  INF  Request starting HTTP/2 GET https://localhost:7189/favicon.ico - null null
2025-10-24 16:29:57.668 +05:45  INF  Sending file. Request path: '/favicon.ico'. Physical path: 'C:\Users\ASUS\Desktop\HRMS\HRMSmvc\wwwroot\favicon.ico'
2025-10-24 16:29:57.668 +05:45  INF  Request finished HTTP/2 GET https://localhost:7189/favicon.ico - 200 5430 image/x-icon 2.8355ms
2025-10-24 16:30:01.891 +05:45  INF  Request starting HTTP/2 GET https://localhost:7189/Admin/Dashboard/Index - null null
2025-10-24 16:30:01.896 +05:45  INF  Executing endpoint 'HRMSmvc.Areas.Admin.Controllers.DashboardController.Index (HRMSmvc)'
2025-10-24 16:30:01.896 +05:45  INF  Route matched with {area = "Admin", action = "Index", controller = "Dashboard"}. Executing controller action with signature System.Threading.Tasks.Task`1[Microsoft.AspNetCore.Mvc.IActionResult] Index() on controller HRMSmvc.Areas.Admin.Controllers.DashboardController (HRMSmvc).
2025-10-24 16:30:01.949 +05:45  INF  Executing ViewResult, running view Index.
2025-10-24 16:30:01.952 +05:45  INF  Executed ViewResult - view Index executed in 2.9989ms.
2025-10-24 16:30:01.952 +05:45  INF  Executed action HRMSmvc.Areas.Admin.Controllers.DashboardController.Index (HRMSmvc) in 55.9007ms
2025-10-24 16:30:01.952 +05:45  INF  Executed endpoint 'HRMSmvc.Areas.Admin.Controllers.DashboardController.Index (HRMSmvc)'
2025-10-24 16:30:01.953 +05:45  INF  Request finished HTTP/2 GET https://localhost:7189/Admin/Dashboard/Index - 200 null text/html; charset=utf-8 61.7087ms
2025-10-24 16:30:05.354 +05:45  INF  Request starting HTTP/2 POST https://localhost:7189/admin/Dashboard/ChangeStatus - application/x-www-form-urlencoded; charset=UTF-8 39
2025-10-24 16:30:05.355 +05:45  INF  Executing endpoint 'HRMSmvc.Areas.Admin.Controllers.DashboardController.ChangeStatus (HRMSmvc)'
2025-10-24 16:30:05.369 +05:45  INF  Route matched with {area = "Admin", action = "ChangeStatus", controller = "Dashboard"}. Executing controller action with signature System.Threading.Tasks.Task`1[Microsoft.AspNetCore.Mvc.IActionResult] ChangeStatus(System.String) on controller HRMSmvc.Areas.Admin.Controllers.DashboardController (HRMSmvc).
2025-10-24 16:30:41.406 +05:45  ERR  Error: "UnsupportedMediaType" - Unsupported Media Type while making POST request to /api/Employee/ChangeActiveStatus?id=8167b4fc-d60c-4de1-9437-246b8bdddb04
2025-10-24 16:30:52.674 +05:45  INF  Executing JsonResult, writing value of type 'null'.
2025-10-24 16:30:52.676 +05:45  INF  Executed action HRMSmvc.Areas.Admin.Controllers.DashboardController.ChangeStatus (HRMSmvc) in 47307.6837ms
2025-10-24 16:30:52.677 +05:45  INF  Executed endpoint 'HRMSmvc.Areas.Admin.Controllers.DashboardController.ChangeStatus (HRMSmvc)'
2025-10-24 16:30:52.677 +05:45  INF  Request finished HTTP/2 POST https://localhost:7189/admin/Dashboard/ChangeStatus - 200 null application/json; charset=utf-8 47322.5912ms
2025-10-24 16:31:15.638 +05:45  INF  Request starting HTTP/2 GET https://localhost:7189/Admin/Dashboard/Index - null null
2025-10-24 16:31:15.643 +05:45  INF  Executing endpoint 'HRMSmvc.Areas.Admin.Controllers.DashboardController.Index (HRMSmvc)'
2025-10-24 16:31:15.643 +05:45  INF  Route matched with {area = "Admin", action = "Index", controller = "Dashboard"}. Executing controller action with signature System.Threading.Tasks.Task`1[Microsoft.AspNetCore.Mvc.IActionResult] Index() on controller HRMSmvc.Areas.Admin.Controllers.DashboardController (HRMSmvc).
2025-10-24 16:31:15.727 +05:45  INF  Executing ViewResult, running view Index.
2025-10-24 16:31:15.730 +05:45  INF  Executed ViewResult - view Index executed in 3.3191ms.
2025-10-24 16:31:15.732 +05:45  INF  Executed action HRMSmvc.Areas.Admin.Controllers.DashboardController.Index (HRMSmvc) in 88.6091ms
2025-10-24 16:31:15.732 +05:45  INF  Executed endpoint 'HRMSmvc.Areas.Admin.Controllers.DashboardController.Index (HRMSmvc)'
2025-10-24 16:31:15.736 +05:45  INF  Request finished HTTP/2 GET https://localhost:7189/Admin/Dashboard/Index - 200 null text/html; charset=utf-8 96.498ms
2025-10-24 16:31:15.763 +05:45  INF  Request starting HTTP/2 GET https://localhost:7189/.well-known/appspecific/com.chrome.devtools.json - null null
2025-10-24 16:31:15.764 +05:45  INF  Request finished HTTP/2 GET https://localhost:7189/.well-known/appspecific/com.chrome.devtools.json - 404 0 null 1.0871ms
2025-10-24 16:31:15.764 +05:45  INF  Request reached the end of the middleware pipeline without being handled by application code. Request path: GET https://localhost:7189/.well-known/appspecific/com.chrome.devtools.json, Response status code: 404
2025-10-24 16:31:15.772 +05:45  INF  Request starting HTTP/2 GET https://localhost:7189/js/admin.js - null null
2025-10-24 16:31:15.772 +05:45  INF  Request starting HTTP/2 GET https://localhost:7189/_framework/aspnetcore-browser-refresh.js - null null
2025-10-24 16:31:15.773 +05:45  INF  Request finished HTTP/2 GET https://localhost:7189/_framework/aspnetcore-browser-refresh.js - 200 16499 application/javascript; charset=utf-8 0.7484ms
2025-10-24 16:31:15.828 +05:45  INF  Sending file. Request path: '/js/admin.js'. Physical path: 'C:\Users\ASUS\Desktop\HRMS\HRMSmvc\wwwroot\js\admin.js'
2025-10-24 16:31:15.829 +05:45  INF  Request finished HTTP/2 GET https://localhost:7189/js/admin.js - 200 18969 text/javascript 56.9831ms
2025-10-24 16:31:16.313 +05:45  INF  Request starting HTTP/2 GET https://localhost:7189/_vs/browserLink - null null
2025-10-24 16:31:16.330 +05:45  INF  Request finished HTTP/2 GET https://localhost:7189/_vs/browserLink - 200 null text/javascript; charset=UTF-8 17.2152ms
2025-10-24 16:31:18.579 +05:45  INF  Request starting HTTP/2 GET https://localhost:7189/Admin/Dashboard/Index - null null
2025-10-24 16:31:18.582 +05:45  INF  Executing endpoint 'HRMSmvc.Areas.Admin.Controllers.DashboardController.Index (HRMSmvc)'
2025-10-24 16:31:18.582 +05:45  INF  Route matched with {area = "Admin", action = "Index", controller = "Dashboard"}. Executing controller action with signature System.Threading.Tasks.Task`1[Microsoft.AspNetCore.Mvc.IActionResult] Index() on controller HRMSmvc.Areas.Admin.Controllers.DashboardController (HRMSmvc).
2025-10-24 16:31:18.612 +05:45  INF  Executing ViewResult, running view Index.
2025-10-24 16:31:18.616 +05:45  INF  Executed ViewResult - view Index executed in 4.1387ms.
2025-10-24 16:31:18.616 +05:45  INF  Executed action HRMSmvc.Areas.Admin.Controllers.DashboardController.Index (HRMSmvc) in 34.2396ms
2025-10-24 16:31:18.616 +05:45  INF  Executed endpoint 'HRMSmvc.Areas.Admin.Controllers.DashboardController.Index (HRMSmvc)'
2025-10-24 16:31:18.616 +05:45  INF  Request finished HTTP/2 GET https://localhost:7189/Admin/Dashboard/Index - 200 null text/html; charset=utf-8 37.5693ms
2025-10-24 16:31:18.666 +05:45  INF  Request starting HTTP/2 GET https://localhost:7189/.well-known/appspecific/com.chrome.devtools.json - null null
2025-10-24 16:31:18.668 +05:45  INF  Request finished HTTP/2 GET https://localhost:7189/.well-known/appspecific/com.chrome.devtools.json - 404 0 null 1.45ms
2025-10-24 16:31:18.668 +05:45  INF  Request reached the end of the middleware pipeline without being handled by application code. Request path: GET https://localhost:7189/.well-known/appspecific/com.chrome.devtools.json, Response status code: 404
2025-10-24 16:31:18.715 +05:45  INF  Request starting HTTP/2 GET https://localhost:7189/vendor/bootstrap-icons.css - null null
2025-10-24 16:31:18.715 +05:45  INF  Request starting HTTP/2 GET https://localhost:7189/vendor/bootstrap.min.css - null null
2025-10-24 16:31:18.715 +05:45  INF  Request starting HTTP/2 GET https://localhost:7189/vendor/bootstrap-icons.min.css - null null
2025-10-24 16:31:18.715 +05:45  INF  Request starting HTTP/2 GET https://localhost:7189/vendor/quill.snow.css - null null
2025-10-24 16:31:18.718 +05:45  INF  Request starting HTTP/2 GET https://localhost:7189/vendor/remixicon.css - null null
2025-10-24 16:31:18.722 +05:45  INF  Request starting HTTP/2 GET https://localhost:7189/vendor/quill.bubble.css - null null
2025-10-24 16:31:18.736 +05:45  INF  Request starting HTTP/2 GET https://localhost:7189/css/style.css - null null
2025-10-24 16:31:18.736 +05:45  INF  Request starting HTTP/2 GET https://localhost:7189/vendor/style.css - null null
2025-10-24 16:31:18.736 +05:45  INF  Request starting HTTP/2 GET https://localhost:7189/vendor/apexcharts.min.js - null null
2025-10-24 16:31:18.737 +05:45  INF  Request starting HTTP/2 GET https://localhost:7189/vendor/bootstrap.bundle.min.js - null null
2025-10-24 16:31:18.737 +05:45  INF  Request starting HTTP/2 GET https://localhost:7189/vendor/echarts.min.js - null null
2025-10-24 16:31:18.745 +05:45  INF  Request starting HTTP/2 GET https://localhost:7189/vendor/quill.js - null null
2025-10-24 16:31:18.745 +05:45  INF  Request starting HTTP/2 GET https://localhost:7189/vendor/simple-datatables.js - null null
2025-10-24 16:31:18.745 +05:45  INF  Request starting HTTP/2 GET https://localhost:7189/vendor/chart.umd.js - null null
2025-10-24 16:31:18.745 +05:45  INF  Request starting HTTP/2 GET https://localhost:7189/vendor/tinymce.min.js - null null
2025-10-24 16:31:18.746 +05:45  INF  Request starting HTTP/2 GET https://localhost:7189/vendor/validate.js - null null
2025-10-24 16:31:18.746 +05:45  INF  Request starting HTTP/2 GET https://localhost:7189/js/main.js - null null
2025-10-24 16:31:18.748 +05:45  INF  Request starting HTTP/2 GET https://localhost:7189/js/admin.js - null null
2025-10-24 16:31:18.749 +05:45  INF  Request starting HTTP/2 GET https://localhost:7189/_framework/aspnetcore-browser-refresh.js - null null
2025-10-24 16:31:18.751 +05:45  INF  Sending file. Request path: '/vendor/quill.snow.css'. Physical path: 'C:\Users\ASUS\Desktop\HRMS\HRMSmvc\wwwroot\vendor\quill.snow.css'
2025-10-24 16:31:18.751 +05:45  INF  Sending file. Request path: '/vendor/style.css'. Physical path: 'C:\Users\ASUS\Desktop\HRMS\HRMSmvc\wwwroot\vendor\style.css'
2025-10-24 16:31:18.751 +05:45  INF  Request finished HTTP/2 GET https://localhost:7189/vendor/quill.snow.css - 200 24606 text/css 35.4693ms
2025-10-24 16:31:18.751 +05:45  INF  Request finished HTTP/2 GET https://localhost:7189/vendor/style.css - 200 5115 text/css 15.3759ms
2025-10-24 16:31:18.760 +05:45  INF  Request finished HTTP/2 GET https://localhost:7189/_framework/aspnetcore-browser-refresh.js - 200 16499 application/javascript; charset=utf-8 11.2616ms
2025-10-24 16:31:18.799 +05:45  INF  Sending file. Request path: '/vendor/validate.js'. Physical path: 'C:\Users\ASUS\Desktop\HRMS\HRMSmvc\wwwroot\vendor\validate.js'
2025-10-24 16:31:18.801 +05:45  INF  Request finished HTTP/2 GET https://localhost:7189/vendor/validate.js - 200 2734 text/javascript 53.5805ms
2025-10-24 16:31:18.809 +05:45  INF  Sending file. Request path: '/vendor/quill.bubble.css'. Physical path: 'C:\Users\ASUS\Desktop\HRMS\HRMSmvc\wwwroot\vendor\quill.bubble.css'
2025-10-24 16:31:18.810 +05:45  INF  Sending file. Request path: '/css/style.css'. Physical path: 'C:\Users\ASUS\Desktop\HRMS\HRMSmvc\wwwroot\css\style.css'
2025-10-24 16:31:18.810 +05:45  INF  Request finished HTTP/2 GET https://localhost:7189/vendor/quill.bubble.css - 200 25216 text/css 88.0178ms
2025-10-24 16:31:18.810 +05:45  INF  Request finished HTTP/2 GET https://localhost:7189/css/style.css - 200 21002 text/css 74.0246ms
2025-10-24 16:31:18.811 +05:45  INF  Sending file. Request path: '/js/main.js'. Physical path: 'C:\Users\ASUS\Desktop\HRMS\HRMSmvc\wwwroot\js\main.js'
2025-10-24 16:31:18.813 +05:45  INF  Sending file. Request path: '/js/admin.js'. Physical path: 'C:\Users\ASUS\Desktop\HRMS\HRMSmvc\wwwroot\js\admin.js'
2025-10-24 16:31:18.813 +05:45  INF  Request finished HTTP/2 GET https://localhost:7189/js/admin.js - 200 18969 text/javascript 65.0031ms
2025-10-24 16:31:18.815 +05:45  INF  Request finished HTTP/2 GET https://localhost:7189/js/main.js - 200 9966 text/javascript 68.8068ms
2025-10-24 16:31:18.832 +05:45  INF  Sending file. Request path: '/vendor/bootstrap-icons.min.css'. Physical path: 'C:\Users\ASUS\Desktop\HRMS\HRMSmvc\wwwroot\vendor\bootstrap-icons.min.css'
2025-10-24 16:31:18.833 +05:45  INF  Request finished HTTP/2 GET https://localhost:7189/vendor/bootstrap-icons.min.css - 200 85875 text/css 118.0055ms
2025-10-24 16:31:18.836 +05:45  INF  Sending file. Request path: '/vendor/bootstrap.bundle.min.js'. Physical path: 'C:\Users\ASUS\Desktop\HRMS\HRMSmvc\wwwroot\vendor\bootstrap.bundle.min.js'
2025-10-24 16:31:18.837 +05:45  INF  Request finished HTTP/2 GET https://localhost:7189/vendor/bootstrap.bundle.min.js - 200 80721 text/javascript 99.5545ms
2025-10-24 16:31:18.838 +05:45  INF  Sending file. Request path: '/vendor/simple-datatables.js'. Physical path: 'C:\Users\ASUS\Desktop\HRMS\HRMSmvc\wwwroot\vendor\simple-datatables.js'
2025-10-24 16:31:18.838 +05:45  INF  Request finished HTTP/2 GET https://localhost:7189/vendor/simple-datatables.js - 200 98086 text/javascript 92.5638ms
2025-10-24 16:31:18.838 +05:45  INF  Sending file. Request path: '/vendor/bootstrap-icons.css'. Physical path: 'C:\Users\ASUS\Desktop\HRMS\HRMSmvc\wwwroot\vendor\bootstrap-icons.css'
2025-10-24 16:31:18.838 +05:45  INF  Request finished HTTP/2 GET https://localhost:7189/vendor/bootstrap-icons.css - 200 98255 text/css 122.9599ms
2025-10-24 16:31:18.847 +05:45  INF  Sending file. Request path: '/vendor/remixicon.css'. Physical path: 'C:\Users\ASUS\Desktop\HRMS\HRMSmvc\wwwroot\vendor\remixicon.css'
2025-10-24 16:31:18.847 +05:45  INF  Request finished HTTP/2 GET https://localhost:7189/vendor/remixicon.css - 200 138761 text/css 129.1834ms
2025-10-24 16:31:18.864 +05:45  INF  Sending file. Request path: '/vendor/chart.umd.js'. Physical path: 'C:\Users\ASUS\Desktop\HRMS\HRMSmvc\wwwroot\vendor\chart.umd.js'
2025-10-24 16:31:18.865 +05:45  INF  Request finished HTTP/2 GET https://localhost:7189/vendor/chart.umd.js - 200 205363 text/javascript 119.3014ms
2025-10-24 16:31:18.866 +05:45  INF  Sending file. Request path: '/vendor/bootstrap.min.css'. Physical path: 'C:\Users\ASUS\Desktop\HRMS\HRMSmvc\wwwroot\vendor\bootstrap.min.css'
2025-10-24 16:31:18.866 +05:45  INF  Request finished HTTP/2 GET https://localhost:7189/vendor/bootstrap.min.css - 200 232803 text/css 151.3332ms
2025-10-24 16:31:18.867 +05:45  INF  Sending file. Request path: '/vendor/quill.js'. Physical path: 'C:\Users\ASUS\Desktop\HRMS\HRMSmvc\wwwroot\vendor\quill.js'
2025-10-24 16:31:18.867 +05:45  INF  Request finished HTTP/2 GET https://localhost:7189/vendor/quill.js - 200 209340 text/javascript 121.6321ms
2025-10-24 16:31:18.882 +05:45  INF  Sending file. Request path: '/vendor/apexcharts.min.js'. Physical path: 'C:\Users\ASUS\Desktop\HRMS\HRMSmvc\wwwroot\vendor\apexcharts.min.js'
2025-10-24 16:31:18.883 +05:45  INF  Request finished HTTP/2 GET https://localhost:7189/vendor/apexcharts.min.js - 200 533680 text/javascript 146.3401ms
2025-10-24 16:31:18.885 +05:45  INF  Sending file. Request path: '/vendor/tinymce.min.js'. Physical path: 'C:\Users\ASUS\Desktop\HRMS\HRMSmvc\wwwroot\vendor\tinymce.min.js'
2025-10-24 16:31:18.885 +05:45  INF  Request finished HTTP/2 GET https://localhost:7189/vendor/tinymce.min.js - 200 436122 text/javascript 139.4888ms
2025-10-24 16:31:18.894 +05:45  INF  Sending file. Request path: '/vendor/echarts.min.js'. Physical path: 'C:\Users\ASUS\Desktop\HRMS\HRMSmvc\wwwroot\vendor\echarts.min.js'
2025-10-24 16:31:18.894 +05:45  INF  Request finished HTTP/2 GET https://localhost:7189/vendor/echarts.min.js - 200 1029203 text/javascript 156.8093ms
2025-10-24 16:31:19.108 +05:45  INF  Request starting HTTP/2 GET https://localhost:7189/_vs/browserLink - null null
2025-10-24 16:31:19.119 +05:45  INF  Request finished HTTP/2 GET https://localhost:7189/_vs/browserLink - 200 null text/javascript; charset=UTF-8 10.8443ms
2025-10-24 16:31:19.663 +05:45  INF  Request starting HTTP/2 GET https://localhost:7189/favicon.ico - null null
2025-10-24 16:31:19.665 +05:45  INF  Sending file. Request path: '/favicon.ico'. Physical path: 'C:\Users\ASUS\Desktop\HRMS\HRMSmvc\wwwroot\favicon.ico'
2025-10-24 16:31:19.665 +05:45  INF  Request finished HTTP/2 GET https://localhost:7189/favicon.ico - 200 5430 image/x-icon 2.6678ms
2025-10-24 16:31:30.585 +05:45  INF  User profile is available. Using 'C:\Users\ASUS\AppData\Local\ASP.NET\DataProtection-Keys' as key repository and Windows DPAPI to encrypt keys at rest.
2025-10-24 16:31:31.013 +05:45  INF  Now listening on: https://localhost:7189
2025-10-24 16:31:31.014 +05:45  INF  Now listening on: http://localhost:5227
2025-10-24 16:31:31.188 +05:45  INF  Application started. Press Ctrl+C to shut down.
2025-10-24 16:31:31.190 +05:45  INF  Hosting environment: Development
2025-10-24 16:31:31.190 +05:45  INF  Content root path: C:\Users\ASUS\Desktop\HRMS\HRMSmvc
2025-10-24 16:31:32.318 +05:45  INF  Request starting HTTP/2 GET https://localhost:7189/ - null null
2025-10-24 16:31:32.466 +05:45  INF  Executing endpoint 'HRMSmvc.Controllers.AuthController.Login (HRMSmvc)'
2025-10-24 16:31:32.503 +05:45  INF  Route matched with {action = "Login", controller = "Auth", area = ""}. Executing controller action with signature Microsoft.AspNetCore.Mvc.IActionResult Login() on controller HRMSmvc.Controllers.AuthController (HRMSmvc).
2025-10-24 16:31:32.515 +05:45  INF  Executing ViewResult, running view login.
2025-10-24 16:31:32.649 +05:45  INF  Executed ViewResult - view login executed in 122.9696ms.
2025-10-24 16:31:32.662 +05:45  INF  Executed action HRMSmvc.Controllers.AuthController.Login (HRMSmvc) in 157.7952ms
2025-10-24 16:31:32.664 +05:45  INF  Executed endpoint 'HRMSmvc.Controllers.AuthController.Login (HRMSmvc)'
2025-10-24 16:31:32.672 +05:45  INF  Request finished HTTP/2 GET https://localhost:7189/ - 200 null text/html; charset=utf-8 355.5935ms
2025-10-24 16:31:32.715 +05:45  INF  Request starting HTTP/2 GET https://localhost:7189/_framework/aspnetcore-browser-refresh.js - null null
2025-10-24 16:31:32.725 +05:45  INF  Request finished HTTP/2 GET https://localhost:7189/_framework/aspnetcore-browser-refresh.js - 200 16499 application/javascript; charset=utf-8 10.6635ms
2025-10-24 16:31:33.204 +05:45  INF  Request starting HTTP/2 GET https://localhost:7189/_vs/browserLink - null null
2025-10-24 16:31:33.262 +05:45  INF  Request finished HTTP/2 GET https://localhost:7189/_vs/browserLink - 200 null text/javascript; charset=UTF-8 57.9799ms
2025-10-24 16:35:10.313 +05:45  INF  Request starting HTTP/2 POST https://localhost:7189/ - application/x-www-form-urlencoded; charset=UTF-8 224
2025-10-24 16:35:10.316 +05:45  INF  Executing endpoint 'HRMSmvc.Controllers.AuthController.LoginAsync (HRMSmvc)'
2025-10-24 16:35:10.326 +05:45  INF  Route matched with {action = "Login", controller = "Auth", area = ""}. Executing controller action with signature System.Threading.Tasks.Task`1[Microsoft.AspNetCore.Mvc.IActionResult] LoginAsync(Domain.DTO.LoginDTO) on controller HRMSmvc.Controllers.AuthController (HRMSmvc).
2025-10-24 16:35:15.869 +05:45  INF  AuthenticationScheme: Cookies signed in.
2025-10-24 16:35:15.873 +05:45  INF  Executing JsonResult, writing value of type 'Domain.Models.ApiResponse`1[[Domain.DTO.LoginResponseDto, Domain, Version=1.0.0.0, Culture=neutral, PublicKeyToken=null]]'.
2025-10-24 16:35:15.876 +05:45  INF  Executed action HRMSmvc.Controllers.AuthController.LoginAsync (HRMSmvc) in 5549.3833ms
2025-10-24 16:35:15.876 +05:45  INF  Executed endpoint 'HRMSmvc.Controllers.AuthController.LoginAsync (HRMSmvc)'
2025-10-24 16:35:15.877 +05:45  INF  Request finished HTTP/2 POST https://localhost:7189/ - 200 null application/json; charset=utf-8 5564.0453ms
2025-10-24 16:35:16.912 +05:45  INF  Request starting HTTP/2 GET https://localhost:7189/Admin/Dashboard/Index - null null
2025-10-24 16:35:16.944 +05:45  INF  Executing endpoint 'HRMSmvc.Areas.Admin.Controllers.DashboardController.Index (HRMSmvc)'
2025-10-24 16:35:16.950 +05:45  INF  Route matched with {area = "Admin", action = "Index", controller = "Dashboard"}. Executing controller action with signature System.Threading.Tasks.Task`1[Microsoft.AspNetCore.Mvc.IActionResult] Index() on controller HRMSmvc.Areas.Admin.Controllers.DashboardController (HRMSmvc).
2025-10-24 16:35:17.329 +05:45  INF  Executing ViewResult, running view Index.
2025-10-24 16:35:17.365 +05:45  INF  Executed ViewResult - view Index executed in 37.1862ms.
2025-10-24 16:35:17.366 +05:45  INF  Executed action HRMSmvc.Areas.Admin.Controllers.DashboardController.Index (HRMSmvc) in 414.9568ms
2025-10-24 16:35:17.366 +05:45  INF  Executed endpoint 'HRMSmvc.Areas.Admin.Controllers.DashboardController.Index (HRMSmvc)'
2025-10-24 16:35:17.366 +05:45  INF  Request finished HTTP/2 GET https://localhost:7189/Admin/Dashboard/Index - 200 null text/html; charset=utf-8 453.679ms
2025-10-24 16:35:17.403 +05:45  INF  Request starting HTTP/2 GET https://localhost:7189/js/admin.js - null null
2025-10-24 16:35:17.403 +05:45  INF  Request starting HTTP/2 GET https://localhost:7189/_framework/aspnetcore-browser-refresh.js - null null
2025-10-24 16:35:17.405 +05:45  INF  Request finished HTTP/2 GET https://localhost:7189/_framework/aspnetcore-browser-refresh.js - 200 16499 application/javascript; charset=utf-8 1.4294ms
2025-10-24 16:35:17.416 +05:45  INF  The file /js/admin.js was not modified
2025-10-24 16:35:17.417 +05:45  INF  Request finished HTTP/2 GET https://localhost:7189/js/admin.js - 304 null text/javascript 13.4985ms
2025-10-24 16:35:17.481 +05:45  INF  Request starting HTTP/2 GET https://localhost:7189/_vs/browserLink - null null
2025-10-24 16:35:17.503 +05:45  INF  Request finished HTTP/2 GET https://localhost:7189/_vs/browserLink - 200 null text/javascript; charset=UTF-8 22.4192ms
2025-10-24 16:35:23.438 +05:45  INF  Request starting HTTP/2 GET https://localhost:7189/Admin/Dashboard/Index - null null
2025-10-24 16:35:23.443 +05:45  INF  Executing endpoint 'HRMSmvc.Areas.Admin.Controllers.DashboardController.Index (HRMSmvc)'
2025-10-24 16:35:23.443 +05:45  INF  Route matched with {area = "Admin", action = "Index", controller = "Dashboard"}. Executing controller action with signature System.Threading.Tasks.Task`1[Microsoft.AspNetCore.Mvc.IActionResult] Index() on controller HRMSmvc.Areas.Admin.Controllers.DashboardController (HRMSmvc).
2025-10-24 16:35:23.480 +05:45  INF  Executing ViewResult, running view Index.
2025-10-24 16:35:23.485 +05:45  INF  Executed ViewResult - view Index executed in 4.9891ms.
2025-10-24 16:35:23.485 +05:45  INF  Executed action HRMSmvc.Areas.Admin.Controllers.DashboardController.Index (HRMSmvc) in 42.1364ms
2025-10-24 16:35:23.485 +05:45  INF  Executed endpoint 'HRMSmvc.Areas.Admin.Controllers.DashboardController.Index (HRMSmvc)'
2025-10-24 16:35:23.485 +05:45  INF  Request finished HTTP/2 GET https://localhost:7189/Admin/Dashboard/Index - 200 null text/html; charset=utf-8 47.0074ms
2025-10-24 16:35:24.497 +05:45  INF  Request starting HTTP/2 POST https://localhost:7189/admin/Dashboard/ChangeStatus - application/x-www-form-urlencoded; charset=UTF-8 39
2025-10-24 16:35:24.500 +05:45  INF  Executing endpoint 'HRMSmvc.Areas.Admin.Controllers.DashboardController.ChangeStatus (HRMSmvc)'
2025-10-24 16:35:24.505 +05:45  INF  Route matched with {area = "Admin", action = "ChangeStatus", controller = "Dashboard"}. Executing controller action with signature System.Threading.Tasks.Task`1[Microsoft.AspNetCore.Mvc.IActionResult] ChangeStatus(System.String) on controller HRMSmvc.Areas.Admin.Controllers.DashboardController (HRMSmvc).
2025-10-24 16:36:21.821 +05:45  INF  User profile is available. Using 'C:\Users\ASUS\AppData\Local\ASP.NET\DataProtection-Keys' as key repository and Windows DPAPI to encrypt keys at rest.
2025-10-24 16:36:22.030 +05:45  INF  Now listening on: https://localhost:7189
2025-10-24 16:36:22.031 +05:45  INF  Now listening on: http://localhost:5227
2025-10-24 16:36:22.096 +05:45  INF  Application started. Press Ctrl+C to shut down.
2025-10-24 16:36:22.096 +05:45  INF  Hosting environment: Development
2025-10-24 16:36:22.096 +05:45  INF  Content root path: C:\Users\ASUS\Desktop\HRMS\HRMSmvc
2025-10-24 16:36:23.553 +05:45  INF  Request starting HTTP/2 GET https://localhost:7189/ - null null
2025-10-24 16:36:23.857 +05:45  INF  Executing endpoint 'HRMSmvc.Controllers.AuthController.Login (HRMSmvc)'
2025-10-24 16:36:23.893 +05:45  INF  Route matched with {action = "Login", controller = "Auth", area = ""}. Executing controller action with signature Microsoft.AspNetCore.Mvc.IActionResult Login() on controller HRMSmvc.Controllers.AuthController (HRMSmvc).
2025-10-24 16:36:23.918 +05:45  INF  Executing ViewResult, running view login.
2025-10-24 16:36:24.047 +05:45  INF  Executed ViewResult - view login executed in 136.3091ms.
2025-10-24 16:36:24.053 +05:45  INF  Executed action HRMSmvc.Controllers.AuthController.Login (HRMSmvc) in 158.4835ms
2025-10-24 16:36:24.053 +05:45  INF  Executed endpoint 'HRMSmvc.Controllers.AuthController.Login (HRMSmvc)'
2025-10-24 16:36:24.059 +05:45  INF  Request finished HTTP/2 GET https://localhost:7189/ - 200 null text/html; charset=utf-8 509.655ms
2025-10-24 16:36:24.201 +05:45  INF  Request starting HTTP/2 GET https://localhost:7189/_framework/aspnetcore-browser-refresh.js - null null
2025-10-24 16:36:24.220 +05:45  INF  Request finished HTTP/2 GET https://localhost:7189/_framework/aspnetcore-browser-refresh.js - 200 16499 application/javascript; charset=utf-8 18.7761ms
2025-10-24 16:36:24.582 +05:45  INF  Request starting HTTP/2 GET https://localhost:7189/_vs/browserLink - null null
2025-10-24 16:36:24.614 +05:45  INF  Request finished HTTP/2 GET https://localhost:7189/_vs/browserLink - 200 null text/javascript; charset=UTF-8 32.6569ms
2025-10-24 16:36:30.646 +05:45  INF  Request starting HTTP/2 POST https://localhost:7189/ - application/x-www-form-urlencoded; charset=UTF-8 224
2025-10-24 16:36:30.648 +05:45  INF  Executing endpoint 'HRMSmvc.Controllers.AuthController.LoginAsync (HRMSmvc)'
2025-10-24 16:36:30.659 +05:45  INF  Route matched with {action = "Login", controller = "Auth", area = ""}. Executing controller action with signature System.Threading.Tasks.Task`1[Microsoft.AspNetCore.Mvc.IActionResult] LoginAsync(Domain.DTO.LoginDTO) on controller HRMSmvc.Controllers.AuthController (HRMSmvc).
2025-10-24 16:36:38.059 +05:45  INF  AuthenticationScheme: Cookies signed in.
2025-10-24 16:36:38.063 +05:45  INF  Executing JsonResult, writing value of type 'Domain.Models.ApiResponse`1[[Domain.DTO.LoginResponseDto, Domain, Version=1.0.0.0, Culture=neutral, PublicKeyToken=null]]'.
2025-10-24 16:36:38.067 +05:45  INF  Executed action HRMSmvc.Controllers.AuthController.LoginAsync (HRMSmvc) in 7407.6624ms
2025-10-24 16:36:38.067 +05:45  INF  Executed endpoint 'HRMSmvc.Controllers.AuthController.LoginAsync (HRMSmvc)'
2025-10-24 16:36:38.067 +05:45  INF  Request finished HTTP/2 POST https://localhost:7189/ - 200 null application/json; charset=utf-8 7421.7487ms
2025-10-24 16:36:39.090 +05:45  INF  Request starting HTTP/2 GET https://localhost:7189/Admin/Dashboard/Index - null null
2025-10-24 16:36:39.125 +05:45  INF  Executing endpoint 'HRMSmvc.Areas.Admin.Controllers.DashboardController.Index (HRMSmvc)'
2025-10-24 16:36:39.132 +05:45  INF  Route matched with {area = "Admin", action = "Index", controller = "Dashboard"}. Executing controller action with signature System.Threading.Tasks.Task`1[Microsoft.AspNetCore.Mvc.IActionResult] Index() on controller HRMSmvc.Areas.Admin.Controllers.DashboardController (HRMSmvc).
2025-10-24 16:36:39.466 +05:45  INF  Executing ViewResult, running view Index.
2025-10-24 16:36:39.506 +05:45  INF  Executed ViewResult - view Index executed in 40.8247ms.
2025-10-24 16:36:39.506 +05:45  INF  Executed action HRMSmvc.Areas.Admin.Controllers.DashboardController.Index (HRMSmvc) in 374.4653ms
2025-10-24 16:36:39.506 +05:45  INF  Executed endpoint 'HRMSmvc.Areas.Admin.Controllers.DashboardController.Index (HRMSmvc)'
2025-10-24 16:36:39.506 +05:45  INF  Request finished HTTP/2 GET https://localhost:7189/Admin/Dashboard/Index - 200 null text/html; charset=utf-8 416.6986ms
2025-10-24 16:36:39.565 +05:45  INF  Request starting HTTP/2 GET https://localhost:7189/_framework/aspnetcore-browser-refresh.js - null null
2025-10-24 16:36:39.567 +05:45  INF  Request starting HTTP/2 GET https://localhost:7189/js/admin.js - null null
2025-10-24 16:36:39.572 +05:45  INF  Request finished HTTP/2 GET https://localhost:7189/_framework/aspnetcore-browser-refresh.js - 200 16499 application/javascript; charset=utf-8 8.2951ms
2025-10-24 16:36:39.579 +05:45  INF  The file /js/admin.js was not modified
2025-10-24 16:36:39.580 +05:45  INF  Request finished HTTP/2 GET https://localhost:7189/js/admin.js - 304 null text/javascript 12.5774ms
2025-10-24 16:36:39.636 +05:45  INF  Request starting HTTP/2 GET https://localhost:7189/_vs/browserLink - null null
2025-10-24 16:36:39.653 +05:45  INF  Request finished HTTP/2 GET https://localhost:7189/_vs/browserLink - 200 null text/javascript; charset=UTF-8 17.3372ms
2025-10-24 16:36:43.035 +05:45  INF  Request starting HTTP/2 GET https://localhost:7189/Admin/Dashboard/Index - null null
2025-10-24 16:36:43.039 +05:45  INF  Executing endpoint 'HRMSmvc.Areas.Admin.Controllers.DashboardController.Index (HRMSmvc)'
2025-10-24 16:36:43.039 +05:45  INF  Route matched with {area = "Admin", action = "Index", controller = "Dashboard"}. Executing controller action with signature System.Threading.Tasks.Task`1[Microsoft.AspNetCore.Mvc.IActionResult] Index() on controller HRMSmvc.Areas.Admin.Controllers.DashboardController (HRMSmvc).
2025-10-24 16:36:43.080 +05:45  INF  Executing ViewResult, running view Index.
2025-10-24 16:36:43.083 +05:45  INF  Executed ViewResult - view Index executed in 2.7451ms.
2025-10-24 16:36:43.083 +05:45  INF  Executed action HRMSmvc.Areas.Admin.Controllers.DashboardController.Index (HRMSmvc) in 43.8784ms
2025-10-24 16:36:43.083 +05:45  INF  Executed endpoint 'HRMSmvc.Areas.Admin.Controllers.DashboardController.Index (HRMSmvc)'
2025-10-24 16:36:43.083 +05:45  INF  Request finished HTTP/2 GET https://localhost:7189/Admin/Dashboard/Index - 200 null text/html; charset=utf-8 48.4151ms
2025-10-24 16:36:44.349 +05:45  INF  Request starting HTTP/2 POST https://localhost:7189/admin/Dashboard/ChangeStatus - application/x-www-form-urlencoded; charset=UTF-8 39
2025-10-24 16:36:44.353 +05:45  INF  Executing endpoint 'HRMSmvc.Areas.Admin.Controllers.DashboardController.ChangeStatus (HRMSmvc)'
2025-10-24 16:36:44.374 +05:45  INF  Route matched with {area = "Admin", action = "ChangeStatus", controller = "Dashboard"}. Executing controller action with signature System.Threading.Tasks.Task`1[Microsoft.AspNetCore.Mvc.IActionResult] ChangeStatus(Domain.Models.User) on controller HRMSmvc.Areas.Admin.Controllers.DashboardController (HRMSmvc).
2025-10-24 16:37:24.238 +05:45  INF  User profile is available. Using 'C:\Users\ASUS\AppData\Local\ASP.NET\DataProtection-Keys' as key repository and Windows DPAPI to encrypt keys at rest.
2025-10-24 16:37:25.116 +05:45  INF  Now listening on: https://localhost:7189
2025-10-24 16:37:25.117 +05:45  INF  Now listening on: http://localhost:5227
2025-10-24 16:37:25.193 +05:45  INF  Application started. Press Ctrl+C to shut down.
2025-10-24 16:37:25.193 +05:45  INF  Hosting environment: Development
2025-10-24 16:37:25.193 +05:45  INF  Content root path: C:\Users\ASUS\Desktop\HRMS\HRMSmvc
2025-10-24 16:37:25.973 +05:45  INF  Request starting HTTP/2 GET https://localhost:7189/ - null null
2025-10-24 16:37:26.160 +05:45  INF  Executing endpoint 'HRMSmvc.Controllers.AuthController.Login (HRMSmvc)'
2025-10-24 16:37:26.244 +05:45  INF  Route matched with {action = "Login", controller = "Auth", area = ""}. Executing controller action with signature Microsoft.AspNetCore.Mvc.IActionResult Login() on controller HRMSmvc.Controllers.AuthController (HRMSmvc).
2025-10-24 16:37:26.262 +05:45  INF  Executing ViewResult, running view login.
2025-10-24 16:37:26.389 +05:45  INF  Executed ViewResult - view login executed in 130.2996ms.
2025-10-24 16:37:26.404 +05:45  INF  Executed action HRMSmvc.Controllers.AuthController.Login (HRMSmvc) in 157.6383ms
2025-10-24 16:37:26.405 +05:45  INF  Executed endpoint 'HRMSmvc.Controllers.AuthController.Login (HRMSmvc)'
2025-10-24 16:37:26.414 +05:45  INF  Request finished HTTP/2 GET https://localhost:7189/ - 200 null text/html; charset=utf-8 442.4018ms
2025-10-24 16:37:26.464 +05:45  INF  Request starting HTTP/2 GET https://localhost:7189/_framework/aspnetcore-browser-refresh.js - null null
2025-10-24 16:37:26.494 +05:45  INF  Request finished HTTP/2 GET https://localhost:7189/_framework/aspnetcore-browser-refresh.js - 200 16499 application/javascript; charset=utf-8 30.8909ms
2025-10-24 16:37:26.867 +05:45  INF  Request starting HTTP/2 GET https://localhost:7189/_vs/browserLink - null null
2025-10-24 16:37:26.954 +05:45  INF  Request finished HTTP/2 GET https://localhost:7189/_vs/browserLink - 200 null text/javascript; charset=UTF-8 86.1431ms
2025-10-24 16:37:32.336 +05:45  INF  Request starting HTTP/2 POST https://localhost:7189/ - application/x-www-form-urlencoded; charset=UTF-8 224
2025-10-24 16:37:32.339 +05:45  INF  Executing endpoint 'HRMSmvc.Controllers.AuthController.LoginAsync (HRMSmvc)'
2025-10-24 16:37:32.354 +05:45  INF  Route matched with {action = "Login", controller = "Auth", area = ""}. Executing controller action with signature System.Threading.Tasks.Task`1[Microsoft.AspNetCore.Mvc.IActionResult] LoginAsync(Domain.DTO.LoginDTO) on controller HRMSmvc.Controllers.AuthController (HRMSmvc).
2025-10-24 16:37:39.962 +05:45  INF  AuthenticationScheme: Cookies signed in.
2025-10-24 16:37:39.966 +05:45  INF  Executing JsonResult, writing value of type 'Domain.Models.ApiResponse`1[[Domain.DTO.LoginResponseDto, Domain, Version=1.0.0.0, Culture=neutral, PublicKeyToken=null]]'.
2025-10-24 16:37:39.970 +05:45  INF  Executed action HRMSmvc.Controllers.AuthController.LoginAsync (HRMSmvc) in 7615.9357ms
2025-10-24 16:37:39.970 +05:45  INF  Executed endpoint 'HRMSmvc.Controllers.AuthController.LoginAsync (HRMSmvc)'
2025-10-24 16:37:39.970 +05:45  INF  Request finished HTTP/2 POST https://localhost:7189/ - 200 null application/json; charset=utf-8 7633.9946ms
2025-10-24 16:37:41.206 +05:45  INF  Request starting HTTP/2 GET https://localhost:7189/Admin/Dashboard/Index - null null
2025-10-24 16:37:41.250 +05:45  INF  Executing endpoint 'HRMSmvc.Areas.Admin.Controllers.DashboardController.Index (HRMSmvc)'
2025-10-24 16:37:41.257 +05:45  INF  Route matched with {area = "Admin", action = "Index", controller = "Dashboard"}. Executing controller action with signature System.Threading.Tasks.Task`1[Microsoft.AspNetCore.Mvc.IActionResult] Index() on controller HRMSmvc.Areas.Admin.Controllers.DashboardController (HRMSmvc).
2025-10-24 16:37:41.579 +05:45  INF  Executing ViewResult, running view Index.
2025-10-24 16:37:41.761 +05:45  INF  Executed ViewResult - view Index executed in 183.4339ms.
2025-10-24 16:37:41.762 +05:45  INF  Executed action HRMSmvc.Areas.Admin.Controllers.DashboardController.Index (HRMSmvc) in 504.7443ms
2025-10-24 16:37:41.762 +05:45  INF  Executed endpoint 'HRMSmvc.Areas.Admin.Controllers.DashboardController.Index (HRMSmvc)'
2025-10-24 16:37:41.762 +05:45  INF  Request finished HTTP/2 GET https://localhost:7189/Admin/Dashboard/Index - 200 null text/html; charset=utf-8 556.5561ms
2025-10-24 16:37:41.808 +05:45  INF  Request starting HTTP/2 GET https://localhost:7189/js/admin.js - null null
2025-10-24 16:37:41.809 +05:45  INF  Request starting HTTP/2 GET https://localhost:7189/_framework/aspnetcore-browser-refresh.js - null null
2025-10-24 16:37:41.811 +05:45  INF  Request finished HTTP/2 GET https://localhost:7189/_framework/aspnetcore-browser-refresh.js - 200 16499 application/javascript; charset=utf-8 1.9541ms
2025-10-24 16:37:41.816 +05:45  INF  The file /js/admin.js was not modified
2025-10-24 16:37:41.818 +05:45  INF  Request finished HTTP/2 GET https://localhost:7189/js/admin.js - 304 null text/javascript 10.2674ms
2025-10-24 16:37:41.892 +05:45  INF  Request starting HTTP/2 GET https://localhost:7189/_vs/browserLink - null null
2025-10-24 16:37:41.924 +05:45  INF  Request finished HTTP/2 GET https://localhost:7189/_vs/browserLink - 200 null text/javascript; charset=UTF-8 32.4042ms
2025-10-24 16:37:44.822 +05:45  INF  Request starting HTTP/2 GET https://localhost:7189/Admin/Dashboard/Index - null null
2025-10-24 16:37:44.826 +05:45  INF  Executing endpoint 'HRMSmvc.Areas.Admin.Controllers.DashboardController.Index (HRMSmvc)'
2025-10-24 16:37:44.826 +05:45  INF  Route matched with {area = "Admin", action = "Index", controller = "Dashboard"}. Executing controller action with signature System.Threading.Tasks.Task`1[Microsoft.AspNetCore.Mvc.IActionResult] Index() on controller HRMSmvc.Areas.Admin.Controllers.DashboardController (HRMSmvc).
2025-10-24 16:37:44.867 +05:45  INF  Executing ViewResult, running view Index.
2025-10-24 16:37:44.870 +05:45  INF  Executed ViewResult - view Index executed in 3.6282ms.
2025-10-24 16:37:44.870 +05:45  INF  Executed action HRMSmvc.Areas.Admin.Controllers.DashboardController.Index (HRMSmvc) in 44.3629ms
2025-10-24 16:37:44.870 +05:45  INF  Executed endpoint 'HRMSmvc.Areas.Admin.Controllers.DashboardController.Index (HRMSmvc)'
2025-10-24 16:37:44.870 +05:45  INF  Request finished HTTP/2 GET https://localhost:7189/Admin/Dashboard/Index - 200 null text/html; charset=utf-8 48.3009ms
2025-10-24 16:37:45.844 +05:45  INF  Request starting HTTP/2 POST https://localhost:7189/admin/Dashboard/ChangeStatus - application/x-www-form-urlencoded; charset=UTF-8 39
2025-10-24 16:37:45.849 +05:45  INF  Executing endpoint 'HRMSmvc.Areas.Admin.Controllers.DashboardController.ChangeStatus (HRMSmvc)'
2025-10-24 16:37:45.852 +05:45  INF  Route matched with {area = "Admin", action = "ChangeStatus", controller = "Dashboard"}. Executing controller action with signature System.Threading.Tasks.Task`1[Microsoft.AspNetCore.Mvc.IActionResult] ChangeStatus(System.String) on controller HRMSmvc.Areas.Admin.Controllers.DashboardController (HRMSmvc).
2025-10-24 16:42:07.432 +05:45  INF  User profile is available. Using 'C:\Users\ASUS\AppData\Local\ASP.NET\DataProtection-Keys' as key repository and Windows DPAPI to encrypt keys at rest.
2025-10-24 16:42:08.105 +05:45  INF  Now listening on: https://localhost:7189
2025-10-24 16:42:08.106 +05:45  INF  Now listening on: http://localhost:5227
2025-10-24 16:42:08.178 +05:45  INF  Application started. Press Ctrl+C to shut down.
2025-10-24 16:42:08.179 +05:45  INF  Hosting environment: Development
2025-10-24 16:42:08.179 +05:45  INF  Content root path: C:\Users\ASUS\Desktop\HRMS\HRMSmvc
2025-10-24 16:42:08.973 +05:45  INF  Request starting HTTP/2 GET https://localhost:7189/ - null null
2025-10-24 16:42:09.250 +05:45  INF  Executing endpoint 'HRMSmvc.Controllers.AuthController.Login (HRMSmvc)'
2025-10-24 16:42:09.308 +05:45  INF  Route matched with {action = "Login", controller = "Auth", area = ""}. Executing controller action with signature Microsoft.AspNetCore.Mvc.IActionResult Login() on controller HRMSmvc.Controllers.AuthController (HRMSmvc).
2025-10-24 16:42:09.331 +05:45  INF  Executing ViewResult, running view login.
2025-10-24 16:42:09.488 +05:45  INF  Executed ViewResult - view login executed in 149.0697ms.
2025-10-24 16:42:09.497 +05:45  INF  Executed action HRMSmvc.Controllers.AuthController.Login (HRMSmvc) in 187.2731ms
2025-10-24 16:42:09.498 +05:45  INF  Executed endpoint 'HRMSmvc.Controllers.AuthController.Login (HRMSmvc)'
2025-10-24 16:42:09.505 +05:45  INF  Request finished HTTP/2 GET https://localhost:7189/ - 200 null text/html; charset=utf-8 535.6859ms
2025-10-24 16:42:09.512 +05:45  INF  Request starting HTTP/2 GET https://localhost:7189/_framework/aspnetcore-browser-refresh.js - null null
2025-10-24 16:42:09.512 +05:45  INF  Request starting HTTP/2 GET https://localhost:7189/vendor/style.css - null null
2025-10-24 16:42:09.522 +05:45  INF  The file /vendor/style.css was not modified
2025-10-24 16:42:09.525 +05:45  INF  Request finished HTTP/2 GET https://localhost:7189/vendor/style.css - 304 null text/css 12.8496ms
2025-10-24 16:42:09.539 +05:45  INF  Request starting HTTP/2 GET https://localhost:7189/js/main.js - null null
2025-10-24 16:42:09.541 +05:45  INF  Request finished HTTP/2 GET https://localhost:7189/_framework/aspnetcore-browser-refresh.js - 200 16499 application/javascript; charset=utf-8 28.8091ms
2025-10-24 16:42:09.541 +05:45  INF  The file /js/main.js was not modified
2025-10-24 16:42:09.546 +05:45  INF  Request finished HTTP/2 GET https://localhost:7189/js/main.js - 304 null text/javascript 6.4089ms
2025-10-24 16:42:09.582 +05:45  INF  Request starting HTTP/2 GET https://localhost:7189/_vs/browserLink - null null
2025-10-24 16:42:09.623 +05:45  INF  Request finished HTTP/2 GET https://localhost:7189/_vs/browserLink - 200 null text/javascript; charset=UTF-8 41.8194ms
2025-10-24 16:42:22.375 +05:45  INF  Request starting HTTP/2 POST https://localhost:7189/ - application/x-www-form-urlencoded; charset=UTF-8 224
2025-10-24 16:42:22.378 +05:45  INF  Executing endpoint 'HRMSmvc.Controllers.AuthController.LoginAsync (HRMSmvc)'
2025-10-24 16:42:22.388 +05:45  INF  Route matched with {action = "Login", controller = "Auth", area = ""}. Executing controller action with signature System.Threading.Tasks.Task`1[Microsoft.AspNetCore.Mvc.IActionResult] LoginAsync(Domain.DTO.LoginDTO) on controller HRMSmvc.Controllers.AuthController (HRMSmvc).
2025-10-24 16:42:30.055 +05:45  INF  AuthenticationScheme: Cookies signed in.
2025-10-24 16:42:30.060 +05:45  INF  Executing JsonResult, writing value of type 'Domain.Models.ApiResponse`1[[Domain.DTO.LoginResponseDto, Domain, Version=1.0.0.0, Culture=neutral, PublicKeyToken=null]]'.
2025-10-24 16:42:30.066 +05:45  INF  Executed action HRMSmvc.Controllers.AuthController.LoginAsync (HRMSmvc) in 7677.8553ms
2025-10-24 16:42:30.066 +05:45  INF  Executed endpoint 'HRMSmvc.Controllers.AuthController.LoginAsync (HRMSmvc)'
2025-10-24 16:42:30.067 +05:45  INF  Request finished HTTP/2 POST https://localhost:7189/ - 200 null application/json; charset=utf-8 7691.6248ms
2025-10-24 16:42:31.080 +05:45  INF  Request starting HTTP/2 GET https://localhost:7189/Admin/Dashboard/Index - null null
2025-10-24 16:42:31.105 +05:45  INF  Executing endpoint 'HRMSmvc.Areas.Admin.Controllers.DashboardController.Index (HRMSmvc)'
2025-10-24 16:42:31.111 +05:45  INF  Route matched with {area = "Admin", action = "Index", controller = "Dashboard"}. Executing controller action with signature System.Threading.Tasks.Task`1[Microsoft.AspNetCore.Mvc.IActionResult] Index() on controller HRMSmvc.Areas.Admin.Controllers.DashboardController (HRMSmvc).
2025-10-24 16:42:31.550 +05:45  INF  Executing ViewResult, running view Index.
2025-10-24 16:42:31.602 +05:45  INF  Executed ViewResult - view Index executed in 53.1668ms.
2025-10-24 16:42:31.602 +05:45  INF  Executed action HRMSmvc.Areas.Admin.Controllers.DashboardController.Index (HRMSmvc) in 490.5725ms
2025-10-24 16:42:31.602 +05:45  INF  Executed endpoint 'HRMSmvc.Areas.Admin.Controllers.DashboardController.Index (HRMSmvc)'
2025-10-24 16:42:31.602 +05:45  INF  Request finished HTTP/2 GET https://localhost:7189/Admin/Dashboard/Index - 200 null text/html; charset=utf-8 522.0297ms
2025-10-24 16:42:31.639 +05:45  INF  Request starting HTTP/2 GET https://localhost:7189/_framework/aspnetcore-browser-refresh.js - null null
2025-10-24 16:42:31.640 +05:45  INF  Request finished HTTP/2 GET https://localhost:7189/_framework/aspnetcore-browser-refresh.js - 200 16499 application/javascript; charset=utf-8 1.185ms
2025-10-24 16:42:31.643 +05:45  INF  Request starting HTTP/2 GET https://localhost:7189/js/admin.js - null null
2025-10-24 16:42:31.646 +05:45  INF  Request starting HTTP/2 GET https://localhost:7189/_vs/browserLink - null null
2025-10-24 16:42:31.692 +05:45  INF  Request finished HTTP/2 GET https://localhost:7189/_vs/browserLink - 200 null text/javascript; charset=UTF-8 45.3134ms
2025-10-24 16:42:31.692 +05:45  INF  Sending file. Request path: '/js/admin.js'. Physical path: 'C:\Users\ASUS\Desktop\HRMS\HRMSmvc\wwwroot\js\admin.js'
2025-10-24 16:42:31.692 +05:45  INF  Request finished HTTP/2 GET https://localhost:7189/js/admin.js - 200 18969 text/javascript 50.5182ms
2025-10-24 16:42:35.804 +05:45  INF  Request starting HTTP/2 GET https://localhost:7189/Admin/Dashboard/Index - null null
2025-10-24 16:42:35.809 +05:45  INF  Executing endpoint 'HRMSmvc.Areas.Admin.Controllers.DashboardController.Index (HRMSmvc)'
2025-10-24 16:42:35.809 +05:45  INF  Route matched with {area = "Admin", action = "Index", controller = "Dashboard"}. Executing controller action with signature System.Threading.Tasks.Task`1[Microsoft.AspNetCore.Mvc.IActionResult] Index() on controller HRMSmvc.Areas.Admin.Controllers.DashboardController (HRMSmvc).
2025-10-24 16:42:35.861 +05:45  INF  Executing ViewResult, running view Index.
2025-10-24 16:42:35.866 +05:45  INF  Executed ViewResult - view Index executed in 4.9997ms.
2025-10-24 16:42:35.866 +05:45  INF  Executed action HRMSmvc.Areas.Admin.Controllers.DashboardController.Index (HRMSmvc) in 57.0799ms
2025-10-24 16:42:35.867 +05:45  INF  Executed endpoint 'HRMSmvc.Areas.Admin.Controllers.DashboardController.Index (HRMSmvc)'
2025-10-24 16:42:35.867 +05:45  INF  Request finished HTTP/2 GET https://localhost:7189/Admin/Dashboard/Index - 200 null text/html; charset=utf-8 62.5089ms
2025-10-24 16:42:36.871 +05:45  INF  Request starting HTTP/2 POST https://localhost:7189/admin/Dashboard/ChangeStatus - application/x-www-form-urlencoded; charset=UTF-8 39
2025-10-24 16:42:36.877 +05:45  INF  Executing endpoint 'HRMSmvc.Areas.Admin.Controllers.DashboardController.ChangeStatus (HRMSmvc)'
2025-10-24 16:42:36.885 +05:45  INF  Route matched with {area = "Admin", action = "ChangeStatus", controller = "Dashboard"}. Executing controller action with signature System.Threading.Tasks.Task`1[Microsoft.AspNetCore.Mvc.IActionResult] ChangeStatus(System.String) on controller HRMSmvc.Areas.Admin.Controllers.DashboardController (HRMSmvc).
2025-10-24 16:43:00.959 +05:45  INF  User profile is available. Using 'C:\Users\ASUS\AppData\Local\ASP.NET\DataProtection-Keys' as key repository and Windows DPAPI to encrypt keys at rest.
2025-10-24 16:43:01.169 +05:45  INF  Now listening on: https://localhost:7189
2025-10-24 16:43:01.170 +05:45  INF  Now listening on: http://localhost:5227
2025-10-24 16:43:01.230 +05:45  INF  Application started. Press Ctrl+C to shut down.
2025-10-24 16:43:01.231 +05:45  INF  Hosting environment: Development
2025-10-24 16:43:01.231 +05:45  INF  Content root path: C:\Users\ASUS\Desktop\HRMS\HRMSmvc
2025-10-24 16:43:02.178 +05:45  INF  Request starting HTTP/2 GET https://localhost:7189/ - null null
2025-10-24 16:43:02.460 +05:45  INF  Executing endpoint 'HRMSmvc.Controllers.AuthController.Login (HRMSmvc)'
2025-10-24 16:43:02.526 +05:45  INF  Route matched with {action = "Login", controller = "Auth", area = ""}. Executing controller action with signature Microsoft.AspNetCore.Mvc.IActionResult Login() on controller HRMSmvc.Controllers.AuthController (HRMSmvc).
2025-10-24 16:43:02.561 +05:45  INF  Executing ViewResult, running view login.
2025-10-24 16:43:02.766 +05:45  INF  Executed ViewResult - view login executed in 202.6667ms.
2025-10-24 16:43:02.780 +05:45  INF  Executed action HRMSmvc.Controllers.AuthController.Login (HRMSmvc) in 251.7818ms
2025-10-24 16:43:02.781 +05:45  INF  Executed endpoint 'HRMSmvc.Controllers.AuthController.Login (HRMSmvc)'
2025-10-24 16:43:02.791 +05:45  INF  Request finished HTTP/2 GET https://localhost:7189/ - 200 null text/html; charset=utf-8 614.7934ms
2025-10-24 16:43:02.792 +05:45  INF  Request starting HTTP/2 GET https://localhost:7189/_framework/aspnetcore-browser-refresh.js - null null
2025-10-24 16:43:02.903 +05:45  INF  Request finished HTTP/2 GET https://localhost:7189/_framework/aspnetcore-browser-refresh.js - 200 16499 application/javascript; charset=utf-8 111.0224ms
2025-10-24 16:43:02.905 +05:45  INF  Request starting HTTP/2 GET https://localhost:7189/_vs/browserLink - null null
2025-10-24 16:43:03.131 +05:45  INF  Request finished HTTP/2 GET https://localhost:7189/_vs/browserLink - 200 null text/javascript; charset=UTF-8 225.7556ms
2025-10-24 16:43:08.957 +05:45  INF  Request starting HTTP/2 POST https://localhost:7189/ - application/x-www-form-urlencoded; charset=UTF-8 267
2025-10-24 16:43:08.959 +05:45  INF  Executing endpoint 'HRMSmvc.Controllers.AuthController.LoginAsync (HRMSmvc)'
2025-10-24 16:43:08.971 +05:45  INF  Route matched with {action = "Login", controller = "Auth", area = ""}. Executing controller action with signature System.Threading.Tasks.Task`1[Microsoft.AspNetCore.Mvc.IActionResult] LoginAsync(Domain.DTO.LoginDTO) on controller HRMSmvc.Controllers.AuthController (HRMSmvc).
2025-10-24 16:43:15.019 +05:45  INF  AuthenticationScheme: Cookies signed in.
2025-10-24 16:43:15.023 +05:45  INF  Executing JsonResult, writing value of type 'Domain.Models.ApiResponse`1[[Domain.DTO.LoginResponseDto, Domain, Version=1.0.0.0, Culture=neutral, PublicKeyToken=null]]'.
2025-10-24 16:43:15.027 +05:45  INF  Executed action HRMSmvc.Controllers.AuthController.LoginAsync (HRMSmvc) in 6055.9367ms
2025-10-24 16:43:15.027 +05:45  INF  Executed endpoint 'HRMSmvc.Controllers.AuthController.LoginAsync (HRMSmvc)'
2025-10-24 16:43:15.027 +05:45  INF  Request finished HTTP/2 POST https://localhost:7189/ - 200 null application/json; charset=utf-8 6070.457ms
2025-10-24 16:43:16.126 +05:45  INF  Request starting HTTP/2 GET https://localhost:7189/Admin/Dashboard/Index - null null
2025-10-24 16:43:16.144 +05:45  INF  Executing endpoint 'HRMSmvc.Areas.Admin.Controllers.DashboardController.Index (HRMSmvc)'
2025-10-24 16:43:16.146 +05:45  INF  Route matched with {area = "Admin", action = "Index", controller = "Dashboard"}. Executing controller action with signature System.Threading.Tasks.Task`1[Microsoft.AspNetCore.Mvc.IActionResult] Index() on controller HRMSmvc.Areas.Admin.Controllers.DashboardController (HRMSmvc).
2025-10-24 16:43:16.458 +05:45  INF  Executing ViewResult, running view Index.
2025-10-24 16:43:16.495 +05:45  INF  Executed ViewResult - view Index executed in 38.1172ms.
2025-10-24 16:43:16.495 +05:45  INF  Executed action HRMSmvc.Areas.Admin.Controllers.DashboardController.Index (HRMSmvc) in 348.514ms
2025-10-24 16:43:16.495 +05:45  INF  Executed endpoint 'HRMSmvc.Areas.Admin.Controllers.DashboardController.Index (HRMSmvc)'
2025-10-24 16:43:16.496 +05:45  INF  Request finished HTTP/2 GET https://localhost:7189/Admin/Dashboard/Index - 200 null text/html; charset=utf-8 369.5867ms
2025-10-24 16:43:16.526 +05:45  INF  Request starting HTTP/2 GET https://localhost:7189/_framework/aspnetcore-browser-refresh.js - null null
2025-10-24 16:43:16.527 +05:45  INF  Request starting HTTP/2 GET https://localhost:7189/_vs/browserLink - null null
2025-10-24 16:43:16.527 +05:45  INF  Request finished HTTP/2 GET https://localhost:7189/_framework/aspnetcore-browser-refresh.js - 200 16499 application/javascript; charset=utf-8 1.1489ms
2025-10-24 16:43:16.544 +05:45  INF  Request finished HTTP/2 GET https://localhost:7189/_vs/browserLink - 200 null text/javascript; charset=UTF-8 17.9506ms
2025-10-24 16:43:20.446 +05:45  INF  Request starting HTTP/2 GET https://localhost:7189/Admin/Dashboard/Index - null null
2025-10-24 16:43:20.449 +05:45  INF  Executing endpoint 'HRMSmvc.Areas.Admin.Controllers.DashboardController.Index (HRMSmvc)'
2025-10-24 16:43:20.449 +05:45  INF  Route matched with {area = "Admin", action = "Index", controller = "Dashboard"}. Executing controller action with signature System.Threading.Tasks.Task`1[Microsoft.AspNetCore.Mvc.IActionResult] Index() on controller HRMSmvc.Areas.Admin.Controllers.DashboardController (HRMSmvc).
2025-10-24 16:43:20.500 +05:45  INF  Executing ViewResult, running view Index.
2025-10-24 16:43:20.505 +05:45  INF  Executed ViewResult - view Index executed in 5.1446ms.
2025-10-24 16:43:20.505 +05:45  INF  Executed action HRMSmvc.Areas.Admin.Controllers.DashboardController.Index (HRMSmvc) in 55.87ms
2025-10-24 16:43:20.505 +05:45  INF  Executed endpoint 'HRMSmvc.Areas.Admin.Controllers.DashboardController.Index (HRMSmvc)'
2025-10-24 16:43:20.506 +05:45  INF  Request finished HTTP/2 GET https://localhost:7189/Admin/Dashboard/Index - 200 null text/html; charset=utf-8 59.5496ms
2025-10-24 16:43:21.515 +05:45  INF  Request starting HTTP/2 POST https://localhost:7189/admin/Dashboard/ChangeStatus - application/x-www-form-urlencoded; charset=UTF-8 39
2025-10-24 16:43:21.517 +05:45  INF  Executing endpoint 'HRMSmvc.Areas.Admin.Controllers.DashboardController.ChangeStatus (HRMSmvc)'
2025-10-24 16:43:21.522 +05:45  INF  Route matched with {area = "Admin", action = "ChangeStatus", controller = "Dashboard"}. Executing controller action with signature System.Threading.Tasks.Task`1[Microsoft.AspNetCore.Mvc.IActionResult] ChangeStatus(System.String) on controller HRMSmvc.Areas.Admin.Controllers.DashboardController (HRMSmvc).
2025-10-24 16:47:04.667 +05:45  INF  Executing JsonResult, writing value of type 'Domain.Models.ApiResponse`1[[Domain.DTO.UserDTO, Domain, Version=1.0.0.0, Culture=neutral, PublicKeyToken=null]]'.
2025-10-24 16:47:04.699 +05:45  INF  Executed action HRMSmvc.Areas.Admin.Controllers.DashboardController.ChangeStatus (HRMSmvc) in 223176.3894ms
2025-10-24 16:47:04.700 +05:45  INF  Executed endpoint 'HRMSmvc.Areas.Admin.Controllers.DashboardController.ChangeStatus (HRMSmvc)'
2025-10-24 16:47:04.702 +05:45  INF  Request finished HTTP/2 POST https://localhost:7189/admin/Dashboard/ChangeStatus - 200 null application/json; charset=utf-8 223186.5984ms
2025-10-24 16:47:07.221 +05:45  INF  Request starting HTTP/2 GET https://localhost:7189/Admin/Dashboard/Index - null null
2025-10-24 16:47:07.284 +05:45  INF  Executing endpoint 'HRMSmvc.Areas.Admin.Controllers.DashboardController.Index (HRMSmvc)'
2025-10-24 16:47:07.287 +05:45  INF  Route matched with {area = "Admin", action = "Index", controller = "Dashboard"}. Executing controller action with signature System.Threading.Tasks.Task`1[Microsoft.AspNetCore.Mvc.IActionResult] Index() on controller HRMSmvc.Areas.Admin.Controllers.DashboardController (HRMSmvc).
2025-10-24 16:47:07.383 +05:45  INF  Executing ViewResult, running view Index.
2025-10-24 16:47:07.391 +05:45  INF  Executed ViewResult - view Index executed in 9.2259ms.
2025-10-24 16:47:07.391 +05:45  INF  Executed action HRMSmvc.Areas.Admin.Controllers.DashboardController.Index (HRMSmvc) in 104.0276ms
2025-10-24 16:47:07.391 +05:45  INF  Executed endpoint 'HRMSmvc.Areas.Admin.Controllers.DashboardController.Index (HRMSmvc)'
2025-10-24 16:47:07.391 +05:45  INF  Request finished HTTP/2 GET https://localhost:7189/Admin/Dashboard/Index - 200 null text/html; charset=utf-8 170.5318ms
2025-10-24 16:47:07.446 +05:45  INF  Request starting HTTP/2 GET https://localhost:7189/js/admin.js - null null
2025-10-24 16:47:07.446 +05:45  INF  Request starting HTTP/2 GET https://localhost:7189/_framework/aspnetcore-browser-refresh.js - null null
2025-10-24 16:47:07.446 +05:45  INF  Request starting HTTP/2 GET https://localhost:7189/_vs/browserLink - null null
2025-10-24 16:47:07.455 +05:45  INF  Request finished HTTP/2 GET https://localhost:7189/_framework/aspnetcore-browser-refresh.js - 200 16499 application/javascript; charset=utf-8 2.7028ms
2025-10-24 16:47:07.470 +05:45  INF  Request finished HTTP/2 GET https://localhost:7189/_vs/browserLink - 200 null text/javascript; charset=UTF-8 23.505ms
2025-10-24 16:47:07.477 +05:45  INF  The file /js/admin.js was not modified
2025-10-24 16:47:07.478 +05:45  INF  Request finished HTTP/2 GET https://localhost:7189/js/admin.js - 304 null text/javascript 32.4056ms
2025-10-24 16:47:17.546 +05:45  INF  Request starting HTTP/2 GET https://localhost:7189/Admin/Dashboard/CreateorEdit?id=8167b4fc-d60c-4de1-9437-246b8bdddb04 - null null
2025-10-24 16:47:17.550 +05:45  INF  Executing endpoint 'HRMSmvc.Areas.Admin.Controllers.DashboardController.CreateorEdit (HRMSmvc)'
2025-10-24 16:47:17.557 +05:45  INF  Route matched with {area = "Admin", action = "CreateorEdit", controller = "Dashboard"}. Executing controller action with signature System.Threading.Tasks.Task`1[Microsoft.AspNetCore.Mvc.IActionResult] CreateorEdit(System.String) on controller HRMSmvc.Areas.Admin.Controllers.DashboardController (HRMSmvc).
2025-10-24 16:47:17.612 +05:45  INF  Executing ViewResult, running view CreateorEdit.
2025-10-24 16:47:17.673 +05:45  INF  Executed ViewResult - view CreateorEdit executed in 61.6031ms.
2025-10-24 16:47:17.673 +05:45  INF  Executed action HRMSmvc.Areas.Admin.Controllers.DashboardController.CreateorEdit (HRMSmvc) in 115.8365ms
2025-10-24 16:47:17.673 +05:45  INF  Executed endpoint 'HRMSmvc.Areas.Admin.Controllers.DashboardController.CreateorEdit (HRMSmvc)'
2025-10-24 16:47:17.673 +05:45  INF  Request finished HTTP/2 GET https://localhost:7189/Admin/Dashboard/CreateorEdit?id=8167b4fc-d60c-4de1-9437-246b8bdddb04 - 200 null text/html; charset=utf-8 126.9451ms
2025-10-24 16:47:17.699 +05:45  INF  Request starting HTTP/2 GET https://localhost:7189/js/userindex.js - null null
2025-10-24 16:47:17.699 +05:45  INF  Request starting HTTP/2 GET https://localhost:7189/_vs/browserLink - null null
2025-10-24 16:47:17.700 +05:45  INF  Request starting HTTP/2 GET https://localhost:7189/_framework/aspnetcore-browser-refresh.js - null null
2025-10-24 16:47:17.700 +05:45  INF  The file /js/userindex.js was not modified
2025-10-24 16:47:17.700 +05:45  INF  Request finished HTTP/2 GET https://localhost:7189/js/userindex.js - 304 null text/javascript 1.6533ms
2025-10-24 16:47:17.700 +05:45  INF  Request finished HTTP/2 GET https://localhost:7189/_framework/aspnetcore-browser-refresh.js - 200 16499 application/javascript; charset=utf-8 0.7205ms
2025-10-24 16:47:17.713 +05:45  INF  Request finished HTTP/2 GET https://localhost:7189/_vs/browserLink - 200 null text/javascript; charset=UTF-8 13.5519ms
2025-10-24 16:47:22.874 +05:45  INF  Request starting HTTP/2 GET https://localhost:7189/Admin/Dashboard/Index - null null
2025-10-24 16:47:22.876 +05:45  INF  Executing endpoint 'HRMSmvc.Areas.Admin.Controllers.DashboardController.Index (HRMSmvc)'
2025-10-24 16:47:22.877 +05:45  INF  Route matched with {area = "Admin", action = "Index", controller = "Dashboard"}. Executing controller action with signature System.Threading.Tasks.Task`1[Microsoft.AspNetCore.Mvc.IActionResult] Index() on controller HRMSmvc.Areas.Admin.Controllers.DashboardController (HRMSmvc).
2025-10-24 16:47:22.922 +05:45  INF  Executing ViewResult, running view Index.
2025-10-24 16:47:22.926 +05:45  INF  Executed ViewResult - view Index executed in 4.1122ms.
2025-10-24 16:47:22.926 +05:45  INF  Executed action HRMSmvc.Areas.Admin.Controllers.DashboardController.Index (HRMSmvc) in 49.2841ms
2025-10-24 16:47:22.926 +05:45  INF  Executed endpoint 'HRMSmvc.Areas.Admin.Controllers.DashboardController.Index (HRMSmvc)'
2025-10-24 16:47:22.926 +05:45  INF  Request finished HTTP/2 GET https://localhost:7189/Admin/Dashboard/Index - 200 null text/html; charset=utf-8 52.3995ms
2025-10-24 16:47:22.950 +05:45  INF  Request starting HTTP/2 GET https://localhost:7189/_vs/browserLink - null null
2025-10-24 16:47:22.950 +05:45  INF  Request starting HTTP/2 GET https://localhost:7189/_framework/aspnetcore-browser-refresh.js - null null
2025-10-24 16:47:22.951 +05:45  INF  Request finished HTTP/2 GET https://localhost:7189/_framework/aspnetcore-browser-refresh.js - 200 16499 application/javascript; charset=utf-8 0.8815ms
2025-10-24 16:47:22.958 +05:45  INF  Request finished HTTP/2 GET https://localhost:7189/_vs/browserLink - 200 null text/javascript; charset=UTF-8 7.84ms
2025-10-24 16:52:12.367 +05:45  INF  User profile is available. Using 'C:\Users\ASUS\AppData\Local\ASP.NET\DataProtection-Keys' as key repository and Windows DPAPI to encrypt keys at rest.
2025-10-24 16:52:12.586 +05:45  INF  Now listening on: https://localhost:7189
2025-10-24 16:52:12.586 +05:45  INF  Now listening on: http://localhost:5227
2025-10-24 16:52:12.698 +05:45  INF  Application started. Press Ctrl+C to shut down.
2025-10-24 16:52:12.698 +05:45  INF  Hosting environment: Development
2025-10-24 16:52:12.698 +05:45  INF  Content root path: C:\Users\ASUS\Desktop\HRMS\HRMSmvc
2025-10-24 16:52:13.944 +05:45  INF  Request starting HTTP/2 GET https://localhost:7189/ - null null
2025-10-24 16:52:14.182 +05:45  INF  Executing endpoint 'HRMSmvc.Controllers.AuthController.Login (HRMSmvc)'
2025-10-24 16:52:14.239 +05:45  INF  Route matched with {action = "Login", controller = "Auth", area = ""}. Executing controller action with signature Microsoft.AspNetCore.Mvc.IActionResult Login() on controller HRMSmvc.Controllers.AuthController (HRMSmvc).
2025-10-24 16:52:14.274 +05:45  INF  Executing ViewResult, running view login.
2025-10-24 16:52:14.461 +05:45  INF  Executed ViewResult - view login executed in 194.743ms.
2025-10-24 16:52:14.477 +05:45  INF  Executed action HRMSmvc.Controllers.AuthController.Login (HRMSmvc) in 235.1801ms
2025-10-24 16:52:14.478 +05:45  INF  Executed endpoint 'HRMSmvc.Controllers.AuthController.Login (HRMSmvc)'
2025-10-24 16:52:14.485 +05:45  INF  Request finished HTTP/2 GET https://localhost:7189/ - 200 null text/html; charset=utf-8 545.6552ms
2025-10-24 16:52:14.542 +05:45  INF  Request starting HTTP/2 GET https://localhost:7189/_framework/aspnetcore-browser-refresh.js - null null
2025-10-24 16:52:14.556 +05:45  INF  Request finished HTTP/2 GET https://localhost:7189/_framework/aspnetcore-browser-refresh.js - 200 16499 application/javascript; charset=utf-8 13.6344ms
2025-10-24 16:52:14.584 +05:45  INF  Request starting HTTP/2 GET https://localhost:7189/_vs/browserLink - null null
2025-10-24 16:52:14.644 +05:45  INF  Request finished HTTP/2 GET https://localhost:7189/_vs/browserLink - 200 null text/javascript; charset=UTF-8 60.1178ms
2025-10-24 16:52:48.259 +05:45  INF  Request starting HTTP/2 POST https://localhost:7189/ - application/x-www-form-urlencoded; charset=UTF-8 267
2025-10-24 16:52:48.262 +05:45  INF  Executing endpoint 'HRMSmvc.Controllers.AuthController.LoginAsync (HRMSmvc)'
2025-10-24 16:52:48.277 +05:45  INF  Route matched with {action = "Login", controller = "Auth", area = ""}. Executing controller action with signature System.Threading.Tasks.Task`1[Microsoft.AspNetCore.Mvc.IActionResult] LoginAsync(Domain.DTO.LoginDTO) on controller HRMSmvc.Controllers.AuthController (HRMSmvc).
2025-10-24 16:52:55.178 +05:45  INF  AuthenticationScheme: Cookies signed in.
2025-10-24 16:52:55.184 +05:45  INF  Executing JsonResult, writing value of type 'Domain.Models.ApiResponse`1[[Domain.DTO.LoginResponseDto, Domain, Version=1.0.0.0, Culture=neutral, PublicKeyToken=null]]'.
2025-10-24 16:52:55.188 +05:45  INF  Executed action HRMSmvc.Controllers.AuthController.LoginAsync (HRMSmvc) in 6911.303ms
2025-10-24 16:52:55.188 +05:45  INF  Executed endpoint 'HRMSmvc.Controllers.AuthController.LoginAsync (HRMSmvc)'
2025-10-24 16:52:55.189 +05:45  INF  Request finished HTTP/2 POST https://localhost:7189/ - 200 null application/json; charset=utf-8 6929.1285ms
2025-10-24 16:52:56.806 +05:45  INF  Request starting HTTP/2 GET https://localhost:7189/Admin/Dashboard/Index - null null
2025-10-24 16:52:56.843 +05:45  INF  Executing endpoint 'HRMSmvc.Areas.Admin.Controllers.DashboardController.Index (HRMSmvc)'
2025-10-24 16:52:56.846 +05:45  INF  Route matched with {area = "Admin", action = "Index", controller = "Dashboard"}. Executing controller action with signature System.Threading.Tasks.Task`1[Microsoft.AspNetCore.Mvc.IActionResult] Index() on controller HRMSmvc.Areas.Admin.Controllers.DashboardController (HRMSmvc).
2025-10-24 16:52:58.732 +05:45  INF  Executing ViewResult, running view Index.
2025-10-24 16:52:58.781 +05:45  INF  Executed ViewResult - view Index executed in 49.7732ms.
2025-10-24 16:52:58.781 +05:45  INF  Executed action HRMSmvc.Areas.Admin.Controllers.DashboardController.Index (HRMSmvc) in 1935.2343ms
2025-10-24 16:52:58.782 +05:45  INF  Executed endpoint 'HRMSmvc.Areas.Admin.Controllers.DashboardController.Index (HRMSmvc)'
2025-10-24 16:52:58.782 +05:45  INF  Request finished HTTP/2 GET https://localhost:7189/Admin/Dashboard/Index - 200 null text/html; charset=utf-8 1976.3558ms
2025-10-24 16:52:58.844 +05:45  INF  Request starting HTTP/2 GET https://localhost:7189/_framework/aspnetcore-browser-refresh.js - null null
2025-10-24 16:52:58.844 +05:45  INF  Request starting HTTP/2 GET https://localhost:7189/_vs/browserLink - null null
2025-10-24 16:52:58.844 +05:45  INF  Request starting HTTP/2 GET https://localhost:7189/js/admin.js - null null
2025-10-24 16:52:58.853 +05:45  INF  Request finished HTTP/2 GET https://localhost:7189/_framework/aspnetcore-browser-refresh.js - 200 16499 application/javascript; charset=utf-8 8.993ms
2025-10-24 16:52:58.885 +05:45  INF  The file /js/admin.js was not modified
2025-10-24 16:52:58.887 +05:45  INF  Request finished HTTP/2 GET https://localhost:7189/js/admin.js - 304 null text/javascript 43.362ms
2025-10-24 16:52:58.894 +05:45  INF  Request finished HTTP/2 GET https://localhost:7189/_vs/browserLink - 200 null text/javascript; charset=UTF-8 50.5617ms
2025-10-24 16:53:24.062 +05:45  INF  Request starting HTTP/2 GET https://localhost:7189/Admin/Dashboard/Index - null null
2025-10-24 16:53:24.071 +05:45  INF  Executing endpoint 'HRMSmvc.Areas.Admin.Controllers.DashboardController.Index (HRMSmvc)'
2025-10-24 16:53:24.071 +05:45  INF  Route matched with {area = "Admin", action = "Index", controller = "Dashboard"}. Executing controller action with signature System.Threading.Tasks.Task`1[Microsoft.AspNetCore.Mvc.IActionResult] Index() on controller HRMSmvc.Areas.Admin.Controllers.DashboardController (HRMSmvc).
2025-10-24 16:54:04.160 +05:45  INF  Executing ViewResult, running view Index.
2025-10-24 16:56:13.376 +05:45  INF  User profile is available. Using 'C:\Users\ASUS\AppData\Local\ASP.NET\DataProtection-Keys' as key repository and Windows DPAPI to encrypt keys at rest.
2025-10-24 16:56:13.788 +05:45  INF  Now listening on: https://localhost:7189
2025-10-24 16:56:13.789 +05:45  INF  Now listening on: http://localhost:5227
2025-10-24 16:56:13.901 +05:45  INF  Application started. Press Ctrl+C to shut down.
2025-10-24 16:56:13.901 +05:45  INF  Hosting environment: Development
2025-10-24 16:56:13.901 +05:45  INF  Content root path: C:\Users\ASUS\Desktop\HRMS\HRMSmvc
2025-10-24 16:56:14.683 +05:45  INF  Request starting HTTP/2 GET https://localhost:7189/ - null null
2025-10-24 16:56:14.881 +05:45  INF  Executing endpoint 'HRMSmvc.Controllers.AuthController.Login (HRMSmvc)'
2025-10-24 16:56:14.948 +05:45  INF  Route matched with {action = "Login", controller = "Auth", area = ""}. Executing controller action with signature Microsoft.AspNetCore.Mvc.IActionResult Login() on controller HRMSmvc.Controllers.AuthController (HRMSmvc).
2025-10-24 16:56:14.974 +05:45  INF  Executing ViewResult, running view login.
2025-10-24 16:56:15.109 +05:45  INF  Executed ViewResult - view login executed in 134.209ms.
2025-10-24 16:56:15.116 +05:45  INF  Executed action HRMSmvc.Controllers.AuthController.Login (HRMSmvc) in 166.615ms
2025-10-24 16:56:15.116 +05:45  INF  Executed endpoint 'HRMSmvc.Controllers.AuthController.Login (HRMSmvc)'
2025-10-24 16:56:15.123 +05:45  INF  Request finished HTTP/2 GET https://localhost:7189/ - 200 null text/html; charset=utf-8 442.157ms
2025-10-24 16:56:15.132 +05:45  INF  Request starting HTTP/2 GET https://localhost:7189/_framework/aspnetcore-browser-refresh.js - null null
2025-10-24 16:56:15.136 +05:45  INF  Request finished HTTP/2 GET https://localhost:7189/_framework/aspnetcore-browser-refresh.js - 200 16499 application/javascript; charset=utf-8 4.2148ms
2025-10-24 16:56:15.167 +05:45  INF  Request starting HTTP/2 GET https://localhost:7189/_vs/browserLink - null null
2025-10-24 16:56:15.204 +05:45  INF  Request finished HTTP/2 GET https://localhost:7189/_vs/browserLink - 200 null text/javascript; charset=UTF-8 36.2468ms
2025-10-24 16:56:28.295 +05:45  INF  Request starting HTTP/2 POST https://localhost:7189/ - application/x-www-form-urlencoded; charset=UTF-8 267
2025-10-24 16:56:28.297 +05:45  INF  Executing endpoint 'HRMSmvc.Controllers.AuthController.LoginAsync (HRMSmvc)'
2025-10-24 16:56:28.309 +05:45  INF  Route matched with {action = "Login", controller = "Auth", area = ""}. Executing controller action with signature System.Threading.Tasks.Task`1[Microsoft.AspNetCore.Mvc.IActionResult] LoginAsync(Domain.DTO.LoginDTO) on controller HRMSmvc.Controllers.AuthController (HRMSmvc).
2025-10-24 16:56:34.356 +05:45  INF  AuthenticationScheme: Cookies signed in.
2025-10-24 16:56:34.360 +05:45  INF  Executing JsonResult, writing value of type 'Domain.Models.ApiResponse`1[[Domain.DTO.LoginResponseDto, Domain, Version=1.0.0.0, Culture=neutral, PublicKeyToken=null]]'.
2025-10-24 16:56:34.364 +05:45  INF  Executed action HRMSmvc.Controllers.AuthController.LoginAsync (HRMSmvc) in 6054.6011ms
2025-10-24 16:56:34.364 +05:45  INF  Executed endpoint 'HRMSmvc.Controllers.AuthController.LoginAsync (HRMSmvc)'
2025-10-24 16:56:34.364 +05:45  INF  Request finished HTTP/2 POST https://localhost:7189/ - 200 null application/json; charset=utf-8 6069.5294ms
2025-10-24 16:56:35.687 +05:45  INF  Request starting HTTP/2 GET https://localhost:7189/Admin/Dashboard/Index - null null
2025-10-24 16:56:35.715 +05:45  INF  Executing endpoint 'HRMSmvc.Areas.Admin.Controllers.DashboardController.Index (HRMSmvc)'
2025-10-24 16:56:35.721 +05:45  INF  Route matched with {area = "Admin", action = "Index", controller = "Dashboard"}. Executing controller action with signature System.Threading.Tasks.Task`1[Microsoft.AspNetCore.Mvc.IActionResult] Index() on controller HRMSmvc.Areas.Admin.Controllers.DashboardController (HRMSmvc).
2025-10-24 16:56:38.145 +05:45  INF  Executing ViewResult, running view Index.
2025-10-24 16:56:38.184 +05:45  INF  Executed ViewResult - view Index executed in 39.9974ms.
2025-10-24 16:56:38.184 +05:45  INF  Executed action HRMSmvc.Areas.Admin.Controllers.DashboardController.Index (HRMSmvc) in 2463.2815ms
2025-10-24 16:56:38.184 +05:45  INF  Executed endpoint 'HRMSmvc.Areas.Admin.Controllers.DashboardController.Index (HRMSmvc)'
2025-10-24 16:56:38.184 +05:45  INF  Request finished HTTP/2 GET https://localhost:7189/Admin/Dashboard/Index - 200 null text/html; charset=utf-8 2497.6399ms
2025-10-24 16:56:38.221 +05:45  INF  Request starting HTTP/2 GET https://localhost:7189/js/admin.js - null null
2025-10-24 16:56:38.226 +05:45  INF  The file /js/admin.js was not modified
2025-10-24 16:56:38.226 +05:45  INF  Request finished HTTP/2 GET https://localhost:7189/js/admin.js - 304 null text/javascript 5.5708ms
2025-10-24 16:56:38.230 +05:45  INF  Request starting HTTP/2 GET https://localhost:7189/_framework/aspnetcore-browser-refresh.js - null null
2025-10-24 16:56:38.230 +05:45  INF  Request starting HTTP/2 GET https://localhost:7189/_vs/browserLink - null null
2025-10-24 16:56:38.231 +05:45  INF  Request finished HTTP/2 GET https://localhost:7189/_framework/aspnetcore-browser-refresh.js - 200 16499 application/javascript; charset=utf-8 1.0254ms
2025-10-24 16:56:38.248 +05:45  INF  Request finished HTTP/2 GET https://localhost:7189/_vs/browserLink - 200 null text/javascript; charset=UTF-8 18.2084ms
2025-10-24 16:56:46.082 +05:45  INF  Request starting HTTP/2 GET https://localhost:7189/Admin/Dashboard/Index - null null
2025-10-24 16:56:46.085 +05:45  INF  Executing endpoint 'HRMSmvc.Areas.Admin.Controllers.DashboardController.Index (HRMSmvc)'
2025-10-24 16:56:46.085 +05:45  INF  Route matched with {area = "Admin", action = "Index", controller = "Dashboard"}. Executing controller action with signature System.Threading.Tasks.Task`1[Microsoft.AspNetCore.Mvc.IActionResult] Index() on controller HRMSmvc.Areas.Admin.Controllers.DashboardController (HRMSmvc).
2025-10-24 16:56:48.220 +05:45  INF  Executing ViewResult, running view Index.
2025-10-24 16:56:48.224 +05:45  INF  Executed ViewResult - view Index executed in 4.1916ms.
2025-10-24 16:56:48.224 +05:45  INF  Executed action HRMSmvc.Areas.Admin.Controllers.DashboardController.Index (HRMSmvc) in 2138.9901ms
2025-10-24 16:56:48.225 +05:45  INF  Executed endpoint 'HRMSmvc.Areas.Admin.Controllers.DashboardController.Index (HRMSmvc)'
2025-10-24 16:56:48.225 +05:45  INF  Request finished HTTP/2 GET https://localhost:7189/Admin/Dashboard/Index - 200 null text/html; charset=utf-8 2142.618ms
2025-10-24 16:56:51.845 +05:45  INF  Request starting HTTP/2 POST https://localhost:7189/admin/Dashboard/ChangeStatus - application/x-www-form-urlencoded; charset=UTF-8 39
2025-10-24 16:56:51.847 +05:45  INF  Executing endpoint 'HRMSmvc.Areas.Admin.Controllers.DashboardController.ChangeStatus (HRMSmvc)'
2025-10-24 16:56:51.853 +05:45  INF  Route matched with {area = "Admin", action = "ChangeStatus", controller = "Dashboard"}. Executing controller action with signature System.Threading.Tasks.Task`1[Microsoft.AspNetCore.Mvc.IActionResult] ChangeStatus(System.String) on controller HRMSmvc.Areas.Admin.Controllers.DashboardController (HRMSmvc).
2025-10-24 16:57:59.177 +05:45  INF  Executing JsonResult, writing value of type 'Domain.Models.ApiResponse`1[[Domain.DTO.UserDTO, Domain, Version=1.0.0.0, Culture=neutral, PublicKeyToken=null]]'.
2025-10-24 16:57:59.199 +05:45  INF  Executed action HRMSmvc.Areas.Admin.Controllers.DashboardController.ChangeStatus (HRMSmvc) in 67345.5521ms
2025-10-24 16:57:59.199 +05:45  INF  Executed endpoint 'HRMSmvc.Areas.Admin.Controllers.DashboardController.ChangeStatus (HRMSmvc)'
2025-10-24 16:57:59.200 +05:45  INF  Request finished HTTP/2 POST https://localhost:7189/admin/Dashboard/ChangeStatus - 200 null application/json; charset=utf-8 67354.9276ms
2025-10-24 16:58:04.074 +05:45  INF  Request starting HTTP/2 GET https://localhost:7189/Admin/Dashboard/Index - null null
2025-10-24 16:58:04.107 +05:45  INF  Executing endpoint 'HRMSmvc.Areas.Admin.Controllers.DashboardController.Index (HRMSmvc)'
2025-10-24 16:58:04.107 +05:45  INF  Route matched with {area = "Admin", action = "Index", controller = "Dashboard"}. Executing controller action with signature System.Threading.Tasks.Task`1[Microsoft.AspNetCore.Mvc.IActionResult] Index() on controller HRMSmvc.Areas.Admin.Controllers.DashboardController (HRMSmvc).
2025-10-24 16:58:05.890 +05:45  INF  Executing ViewResult, running view Index.
2025-10-24 16:58:05.893 +05:45  INF  Executed ViewResult - view Index executed in 4.3242ms.
2025-10-24 16:58:05.894 +05:45  INF  Executed action HRMSmvc.Areas.Admin.Controllers.DashboardController.Index (HRMSmvc) in 1786.6488ms
2025-10-24 16:58:05.894 +05:45  INF  Executed endpoint 'HRMSmvc.Areas.Admin.Controllers.DashboardController.Index (HRMSmvc)'
2025-10-24 16:58:05.894 +05:45  INF  Request finished HTTP/2 GET https://localhost:7189/Admin/Dashboard/Index - 200 null text/html; charset=utf-8 1819.6191ms
2025-10-24 16:58:05.919 +05:45  INF  Request starting HTTP/2 GET https://localhost:7189/_vs/browserLink - null null
2025-10-24 16:58:05.920 +05:45  INF  Request starting HTTP/2 GET https://localhost:7189/_framework/aspnetcore-browser-refresh.js - null null
2025-10-24 16:58:05.921 +05:45  INF  Request finished HTTP/2 GET https://localhost:7189/_framework/aspnetcore-browser-refresh.js - 200 16499 application/javascript; charset=utf-8 1.0204ms
2025-10-24 16:58:05.929 +05:45  INF  Request finished HTTP/2 GET https://localhost:7189/_vs/browserLink - 200 null text/javascript; charset=UTF-8 10.1757ms
2025-10-24 16:58:19.683 +05:45  INF  Request starting HTTP/2 GET https://localhost:7189/Admin/Dashboard/CreateorEdit?id=8167b4fc-d60c-4de1-9437-246b8bdddb04 - null null
2025-10-24 16:58:19.688 +05:45  INF  Executing endpoint 'HRMSmvc.Areas.Admin.Controllers.DashboardController.CreateorEdit (HRMSmvc)'
2025-10-24 16:58:19.693 +05:45  INF  Route matched with {area = "Admin", action = "CreateorEdit", controller = "Dashboard"}. Executing controller action with signature System.Threading.Tasks.Task`1[Microsoft.AspNetCore.Mvc.IActionResult] CreateorEdit(System.String) on controller HRMSmvc.Areas.Admin.Controllers.DashboardController (HRMSmvc).
2025-10-24 16:58:19.739 +05:45  INF  Executing ViewResult, running view CreateorEdit.
2025-10-24 16:58:19.792 +05:45  INF  Executed ViewResult - view CreateorEdit executed in 53.8427ms.
2025-10-24 16:58:19.792 +05:45  INF  Executed action HRMSmvc.Areas.Admin.Controllers.DashboardController.CreateorEdit (HRMSmvc) in 98.8591ms
2025-10-24 16:58:19.792 +05:45  INF  Executed endpoint 'HRMSmvc.Areas.Admin.Controllers.DashboardController.CreateorEdit (HRMSmvc)'
2025-10-24 16:58:19.792 +05:45  INF  Request finished HTTP/2 GET https://localhost:7189/Admin/Dashboard/CreateorEdit?id=8167b4fc-d60c-4de1-9437-246b8bdddb04 - 200 null text/html; charset=utf-8 109.3795ms
2025-10-24 16:58:19.820 +05:45  INF  Request starting HTTP/2 GET https://localhost:7189/_framework/aspnetcore-browser-refresh.js - null null
2025-10-24 16:58:19.821 +05:45  INF  Request starting HTTP/2 GET https://localhost:7189/_vs/browserLink - null null
2025-10-24 16:58:19.821 +05:45  INF  Request finished HTTP/2 GET https://localhost:7189/_framework/aspnetcore-browser-refresh.js - 200 16499 application/javascript; charset=utf-8 0.9972ms
2025-10-24 16:58:19.829 +05:45  INF  Request finished HTTP/2 GET https://localhost:7189/_vs/browserLink - 200 null text/javascript; charset=UTF-8 8.2944ms
2025-10-24 16:58:21.447 +05:45  INF  Request starting HTTP/2 GET https://localhost:7189/Admin/Dashboard/Index - null null
2025-10-24 16:58:21.449 +05:45  INF  Executing endpoint 'HRMSmvc.Areas.Admin.Controllers.DashboardController.Index (HRMSmvc)'
2025-10-24 16:58:21.449 +05:45  INF  Route matched with {area = "Admin", action = "Index", controller = "Dashboard"}. Executing controller action with signature System.Threading.Tasks.Task`1[Microsoft.AspNetCore.Mvc.IActionResult] Index() on controller HRMSmvc.Areas.Admin.Controllers.DashboardController (HRMSmvc).
2025-10-24 16:58:23.207 +05:45  INF  Executing ViewResult, running view Index.
2025-10-24 16:58:23.211 +05:45  INF  Executed ViewResult - view Index executed in 3.9842ms.
2025-10-24 16:58:23.211 +05:45  INF  Executed action HRMSmvc.Areas.Admin.Controllers.DashboardController.Index (HRMSmvc) in 1761.8541ms
2025-10-24 16:58:23.211 +05:45  INF  Executed endpoint 'HRMSmvc.Areas.Admin.Controllers.DashboardController.Index (HRMSmvc)'
2025-10-24 16:58:23.211 +05:45  INF  Request finished HTTP/2 GET https://localhost:7189/Admin/Dashboard/Index - 200 null text/html; charset=utf-8 1764.0037ms
2025-10-24 16:58:23.240 +05:45  INF  Request starting HTTP/2 GET https://localhost:7189/_vs/browserLink - null null
2025-10-24 16:58:23.240 +05:45  INF  Request starting HTTP/2 GET https://localhost:7189/_framework/aspnetcore-browser-refresh.js - null null
2025-10-24 16:58:23.241 +05:45  INF  Request finished HTTP/2 GET https://localhost:7189/_framework/aspnetcore-browser-refresh.js - 200 16499 application/javascript; charset=utf-8 1.1482ms
2025-10-24 16:58:23.253 +05:45  INF  Request finished HTTP/2 GET https://localhost:7189/_vs/browserLink - 200 null text/javascript; charset=UTF-8 13.4963ms
2025-10-24 16:58:30.419 +05:45  INF  Request starting HTTP/2 GET https://localhost:7189/Admin/Dashboard/Index - null null
2025-10-24 16:58:30.420 +05:45  INF  Executing endpoint 'HRMSmvc.Areas.Admin.Controllers.DashboardController.Index (HRMSmvc)'
2025-10-24 16:58:30.420 +05:45  INF  Route matched with {area = "Admin", action = "Index", controller = "Dashboard"}. Executing controller action with signature System.Threading.Tasks.Task`1[Microsoft.AspNetCore.Mvc.IActionResult] Index() on controller HRMSmvc.Areas.Admin.Controllers.DashboardController (HRMSmvc).
2025-10-24 16:58:32.838 +05:45  INF  Executing ViewResult, running view Index.
2025-10-24 16:58:32.840 +05:45  INF  Executed ViewResult - view Index executed in 2.2148ms.
2025-10-24 16:58:32.840 +05:45  INF  Executed action HRMSmvc.Areas.Admin.Controllers.DashboardController.Index (HRMSmvc) in 2419.5626ms
2025-10-24 16:58:32.840 +05:45  INF  Executed endpoint 'HRMSmvc.Areas.Admin.Controllers.DashboardController.Index (HRMSmvc)'
2025-10-24 16:58:32.840 +05:45  INF  Request finished HTTP/2 GET https://localhost:7189/Admin/Dashboard/Index - 200 null text/html; charset=utf-8 2420.8758ms
2025-10-24 16:58:36.406 +05:45  INF  Request starting HTTP/2 POST https://localhost:7189/admin/Dashboard/ChangeStatus - application/x-www-form-urlencoded; charset=UTF-8 39
2025-10-24 16:58:36.407 +05:45  INF  Executing endpoint 'HRMSmvc.Areas.Admin.Controllers.DashboardController.ChangeStatus (HRMSmvc)'
2025-10-24 16:58:36.407 +05:45  INF  Route matched with {area = "Admin", action = "ChangeStatus", controller = "Dashboard"}. Executing controller action with signature System.Threading.Tasks.Task`1[Microsoft.AspNetCore.Mvc.IActionResult] ChangeStatus(System.String) on controller HRMSmvc.Areas.Admin.Controllers.DashboardController (HRMSmvc).
2025-10-24 17:04:25.115 +05:45  INF  User profile is available. Using 'C:\Users\ASUS\AppData\Local\ASP.NET\DataProtection-Keys' as key repository and Windows DPAPI to encrypt keys at rest.
2025-10-24 17:04:25.335 +05:45  INF  Now listening on: https://localhost:7189
2025-10-24 17:04:25.336 +05:45  INF  Now listening on: http://localhost:5227
2025-10-24 17:04:25.405 +05:45  INF  Application started. Press Ctrl+C to shut down.
2025-10-24 17:04:25.405 +05:45  INF  Hosting environment: Development
2025-10-24 17:04:25.405 +05:45  INF  Content root path: C:\Users\ASUS\Desktop\HRMS\HRMSmvc
2025-10-24 17:04:26.827 +05:45  INF  Request starting HTTP/2 GET https://localhost:7189/ - null null
2025-10-24 17:04:27.035 +05:45  INF  Executing endpoint 'HRMSmvc.Controllers.AuthController.Login (HRMSmvc)'
2025-10-24 17:04:27.073 +05:45  INF  Route matched with {action = "Login", controller = "Auth", area = ""}. Executing controller action with signature Microsoft.AspNetCore.Mvc.IActionResult Login() on controller HRMSmvc.Controllers.AuthController (HRMSmvc).
2025-10-24 17:04:27.085 +05:45  INF  Executing ViewResult, running view login.
2025-10-24 17:04:27.208 +05:45  INF  Executed ViewResult - view login executed in 123.7168ms.
2025-10-24 17:04:27.218 +05:45  INF  Executed action HRMSmvc.Controllers.AuthController.Login (HRMSmvc) in 145.0419ms
2025-10-24 17:04:27.219 +05:45  INF  Executed endpoint 'HRMSmvc.Controllers.AuthController.Login (HRMSmvc)'
2025-10-24 17:04:27.225 +05:45  INF  Request finished HTTP/2 GET https://localhost:7189/ - 200 null text/html; charset=utf-8 399.8194ms
2025-10-24 17:04:27.282 +05:45  INF  Request starting HTTP/2 GET https://localhost:7189/_framework/aspnetcore-browser-refresh.js - null null
2025-10-24 17:04:27.297 +05:45  INF  Request finished HTTP/2 GET https://localhost:7189/_framework/aspnetcore-browser-refresh.js - 200 16499 application/javascript; charset=utf-8 14.6735ms
2025-10-24 17:04:27.311 +05:45  INF  Request starting HTTP/2 GET https://localhost:7189/_vs/browserLink - null null
2025-10-24 17:04:27.354 +05:45  INF  Request finished HTTP/2 GET https://localhost:7189/_vs/browserLink - 200 null text/javascript; charset=UTF-8 43.6172ms
2025-10-24 17:04:41.837 +05:45  INF  Request starting HTTP/2 POST https://localhost:7189/ - application/x-www-form-urlencoded; charset=UTF-8 267
2025-10-24 17:04:41.840 +05:45  INF  Executing endpoint 'HRMSmvc.Controllers.AuthController.LoginAsync (HRMSmvc)'
2025-10-24 17:04:41.851 +05:45  INF  Route matched with {action = "Login", controller = "Auth", area = ""}. Executing controller action with signature System.Threading.Tasks.Task`1[Microsoft.AspNetCore.Mvc.IActionResult] LoginAsync(Domain.DTO.LoginDTO) on controller HRMSmvc.Controllers.AuthController (HRMSmvc).
2025-10-24 17:04:50.726 +05:45  INF  AuthenticationScheme: Cookies signed in.
2025-10-24 17:04:50.730 +05:45  INF  Executing JsonResult, writing value of type 'Domain.Models.ApiResponse`1[[Domain.DTO.LoginResponseDto, Domain, Version=1.0.0.0, Culture=neutral, PublicKeyToken=null]]'.
2025-10-24 17:04:50.734 +05:45  INF  Executed action HRMSmvc.Controllers.AuthController.LoginAsync (HRMSmvc) in 8882.8799ms
2025-10-24 17:04:50.734 +05:45  INF  Executed endpoint 'HRMSmvc.Controllers.AuthController.LoginAsync (HRMSmvc)'
2025-10-24 17:04:50.734 +05:45  INF  Request finished HTTP/2 POST https://localhost:7189/ - 200 null application/json; charset=utf-8 8897.0768ms
2025-10-24 17:04:51.507 +05:45  INF  Request starting HTTP/2 GET https://localhost:7189/Admin/Dashboard/Index - null null
2025-10-24 17:04:51.525 +05:45  INF  Executing endpoint 'HRMSmvc.Areas.Admin.Controllers.DashboardController.Index (HRMSmvc)'
2025-10-24 17:04:51.531 +05:45  INF  Route matched with {area = "Admin", action = "Index", controller = "Dashboard"}. Executing controller action with signature System.Threading.Tasks.Task`1[Microsoft.AspNetCore.Mvc.IActionResult] Index() on controller HRMSmvc.Areas.Admin.Controllers.DashboardController (HRMSmvc).
2025-10-24 17:04:53.754 +05:45  INF  Executing ViewResult, running view Index.
2025-10-24 17:04:53.795 +05:45  INF  Executed ViewResult - view Index executed in 42.0914ms.
2025-10-24 17:04:53.795 +05:45  INF  Executed action HRMSmvc.Areas.Admin.Controllers.DashboardController.Index (HRMSmvc) in 2264.5155ms
2025-10-24 17:04:53.795 +05:45  INF  Executed endpoint 'HRMSmvc.Areas.Admin.Controllers.DashboardController.Index (HRMSmvc)'
2025-10-24 17:04:53.795 +05:45  INF  Request finished HTTP/2 GET https://localhost:7189/Admin/Dashboard/Index - 200 null text/html; charset=utf-8 2289.0018ms
2025-10-24 17:04:53.828 +05:45  INF  Request starting HTTP/2 GET https://localhost:7189/js/admin.js - null null
2025-10-24 17:04:53.834 +05:45  INF  The file /js/admin.js was not modified
2025-10-24 17:04:53.835 +05:45  INF  Request finished HTTP/2 GET https://localhost:7189/js/admin.js - 304 null text/javascript 6.7764ms
2025-10-24 17:04:53.840 +05:45  INF  Request starting HTTP/2 GET https://localhost:7189/_framework/aspnetcore-browser-refresh.js - null null
2025-10-24 17:04:53.840 +05:45  INF  Request starting HTTP/2 GET https://localhost:7189/_vs/browserLink - null null
2025-10-24 17:04:53.841 +05:45  INF  Request finished HTTP/2 GET https://localhost:7189/_framework/aspnetcore-browser-refresh.js - 200 16499 application/javascript; charset=utf-8 0.9938ms
2025-10-24 17:04:53.852 +05:45  INF  Request finished HTTP/2 GET https://localhost:7189/_vs/browserLink - 200 null text/javascript; charset=UTF-8 11.4709ms
2025-10-24 17:05:09.110 +05:45  INF  Request starting HTTP/2 GET https://localhost:7189/Admin/Dashboard/Index - null null
2025-10-24 17:05:09.115 +05:45  INF  Executing endpoint 'HRMSmvc.Areas.Admin.Controllers.DashboardController.Index (HRMSmvc)'
2025-10-24 17:05:09.115 +05:45  INF  Route matched with {area = "Admin", action = "Index", controller = "Dashboard"}. Executing controller action with signature System.Threading.Tasks.Task`1[Microsoft.AspNetCore.Mvc.IActionResult] Index() on controller HRMSmvc.Areas.Admin.Controllers.DashboardController (HRMSmvc).
2025-10-24 17:05:12.603 +05:45  INF  Executing ViewResult, running view Index.
2025-10-24 17:05:12.607 +05:45  INF  Executed ViewResult - view Index executed in 4.024ms.
2025-10-24 17:05:12.607 +05:45  INF  Executed action HRMSmvc.Areas.Admin.Controllers.DashboardController.Index (HRMSmvc) in 3492.2978ms
2025-10-24 17:05:12.607 +05:45  INF  Executed endpoint 'HRMSmvc.Areas.Admin.Controllers.DashboardController.Index (HRMSmvc)'
2025-10-24 17:05:12.607 +05:45  INF  Request finished HTTP/2 GET https://localhost:7189/Admin/Dashboard/Index - 200 null text/html; charset=utf-8 3496.9418ms
2025-10-24 17:05:14.621 +05:45  INF  Request starting HTTP/2 POST https://localhost:7189/admin/Dashboard/ChangeStatus - application/x-www-form-urlencoded; charset=UTF-8 39
2025-10-24 17:05:14.623 +05:45  INF  Executing endpoint 'HRMSmvc.Areas.Admin.Controllers.DashboardController.ChangeStatus (HRMSmvc)'
2025-10-24 17:05:14.628 +05:45  INF  Route matched with {area = "Admin", action = "ChangeStatus", controller = "Dashboard"}. Executing controller action with signature System.Threading.Tasks.Task`1[Microsoft.AspNetCore.Mvc.IActionResult] ChangeStatus(System.String) on controller HRMSmvc.Areas.Admin.Controllers.DashboardController (HRMSmvc).
2025-10-24 17:05:56.458 +05:45  INF  User profile is available. Using 'C:\Users\ASUS\AppData\Local\ASP.NET\DataProtection-Keys' as key repository and Windows DPAPI to encrypt keys at rest.
2025-10-24 17:05:56.666 +05:45  INF  Now listening on: https://localhost:7189
2025-10-24 17:05:56.667 +05:45  INF  Now listening on: http://localhost:5227
2025-10-24 17:05:56.722 +05:45  INF  Application started. Press Ctrl+C to shut down.
2025-10-24 17:05:56.722 +05:45  INF  Hosting environment: Development
2025-10-24 17:05:56.722 +05:45  INF  Content root path: C:\Users\ASUS\Desktop\HRMS\HRMSmvc
2025-10-24 17:05:57.510 +05:45  INF  Request starting HTTP/2 GET https://localhost:7189/ - null null
2025-10-24 17:05:57.915 +05:45  INF  Executing endpoint 'HRMSmvc.Controllers.AuthController.Login (HRMSmvc)'
2025-10-24 17:05:57.951 +05:45  INF  Route matched with {action = "Login", controller = "Auth", area = ""}. Executing controller action with signature Microsoft.AspNetCore.Mvc.IActionResult Login() on controller HRMSmvc.Controllers.AuthController (HRMSmvc).
2025-10-24 17:05:57.967 +05:45  INF  Executing ViewResult, running view login.
2025-10-24 17:05:58.123 +05:45  INF  Executed ViewResult - view login executed in 149.5655ms.
2025-10-24 17:05:58.134 +05:45  INF  Executed action HRMSmvc.Controllers.AuthController.Login (HRMSmvc) in 182.8957ms
2025-10-24 17:05:58.135 +05:45  INF  Executed endpoint 'HRMSmvc.Controllers.AuthController.Login (HRMSmvc)'
2025-10-24 17:05:58.146 +05:45  INF  Request finished HTTP/2 GET https://localhost:7189/ - 200 null text/html; charset=utf-8 641.4826ms
2025-10-24 17:05:58.157 +05:45  INF  Request starting HTTP/2 GET https://localhost:7189/_framework/aspnetcore-browser-refresh.js - null null
2025-10-24 17:05:58.165 +05:45  INF  Request finished HTTP/2 GET https://localhost:7189/_framework/aspnetcore-browser-refresh.js - 200 16499 application/javascript; charset=utf-8 7.1317ms
2025-10-24 17:05:58.208 +05:45  INF  Request starting HTTP/2 GET https://localhost:7189/_vs/browserLink - null null
2025-10-24 17:05:58.275 +05:45  INF  Request finished HTTP/2 GET https://localhost:7189/_vs/browserLink - 200 null text/javascript; charset=UTF-8 67.1696ms
2025-10-24 17:06:55.453 +05:45  INF  Request starting HTTP/2 POST https://localhost:7189/ - application/x-www-form-urlencoded; charset=UTF-8 267
2025-10-24 17:06:55.455 +05:45  INF  Executing endpoint 'HRMSmvc.Controllers.AuthController.LoginAsync (HRMSmvc)'
2025-10-24 17:06:55.466 +05:45  INF  Route matched with {action = "Login", controller = "Auth", area = ""}. Executing controller action with signature System.Threading.Tasks.Task`1[Microsoft.AspNetCore.Mvc.IActionResult] LoginAsync(Domain.DTO.LoginDTO) on controller HRMSmvc.Controllers.AuthController (HRMSmvc).
2025-10-24 17:07:01.936 +05:45  INF  AuthenticationScheme: Cookies signed in.
2025-10-24 17:07:01.942 +05:45  INF  Executing JsonResult, writing value of type 'Domain.Models.ApiResponse`1[[Domain.DTO.LoginResponseDto, Domain, Version=1.0.0.0, Culture=neutral, PublicKeyToken=null]]'.
2025-10-24 17:07:01.947 +05:45  INF  Executed action HRMSmvc.Controllers.AuthController.LoginAsync (HRMSmvc) in 6481.0877ms
2025-10-24 17:07:01.947 +05:45  INF  Executed endpoint 'HRMSmvc.Controllers.AuthController.LoginAsync (HRMSmvc)'
2025-10-24 17:07:01.948 +05:45  INF  Request finished HTTP/2 POST https://localhost:7189/ - 200 null application/json; charset=utf-8 6495.021ms
2025-10-24 17:07:02.884 +05:45  INF  Request starting HTTP/2 GET https://localhost:7189/Admin/Dashboard/Index - null null
2025-10-24 17:07:02.906 +05:45  INF  Executing endpoint 'HRMSmvc.Areas.Admin.Controllers.DashboardController.Index (HRMSmvc)'
2025-10-24 17:07:02.908 +05:45  INF  Route matched with {area = "Admin", action = "Index", controller = "Dashboard"}. Executing controller action with signature System.Threading.Tasks.Task`1[Microsoft.AspNetCore.Mvc.IActionResult] Index() on controller HRMSmvc.Areas.Admin.Controllers.DashboardController (HRMSmvc).
2025-10-24 17:07:04.636 +05:45  INF  Executing ViewResult, running view Index.
2025-10-24 17:07:04.697 +05:45  INF  Executed ViewResult - view Index executed in 62.4985ms.
2025-10-24 17:07:04.700 +05:45  INF  Executed action HRMSmvc.Areas.Admin.Controllers.DashboardController.Index (HRMSmvc) in 1790.894ms
2025-10-24 17:07:04.700 +05:45  INF  Executed endpoint 'HRMSmvc.Areas.Admin.Controllers.DashboardController.Index (HRMSmvc)'
2025-10-24 17:07:04.700 +05:45  INF  Request finished HTTP/2 GET https://localhost:7189/Admin/Dashboard/Index - 200 null text/html; charset=utf-8 1816.2694ms
2025-10-24 17:07:04.754 +05:45  INF  Request starting HTTP/2 GET https://localhost:7189/_framework/aspnetcore-browser-refresh.js - null null
2025-10-24 17:07:04.754 +05:45  INF  Request starting HTTP/2 GET https://localhost:7189/_vs/browserLink - null null
2025-10-24 17:07:04.755 +05:45  INF  Request finished HTTP/2 GET https://localhost:7189/_framework/aspnetcore-browser-refresh.js - 200 16499 application/javascript; charset=utf-8 1.0097ms
2025-10-24 17:07:04.768 +05:45  INF  Request finished HTTP/2 GET https://localhost:7189/_vs/browserLink - 200 null text/javascript; charset=UTF-8 13.7221ms
2025-10-24 17:07:09.846 +05:45  INF  Request starting HTTP/2 GET https://localhost:7189/Admin/Dashboard/Index - null null
2025-10-24 17:07:09.850 +05:45  INF  Executing endpoint 'HRMSmvc.Areas.Admin.Controllers.DashboardController.Index (HRMSmvc)'
2025-10-24 17:07:09.850 +05:45  INF  Route matched with {area = "Admin", action = "Index", controller = "Dashboard"}. Executing controller action with signature System.Threading.Tasks.Task`1[Microsoft.AspNetCore.Mvc.IActionResult] Index() on controller HRMSmvc.Areas.Admin.Controllers.DashboardController (HRMSmvc).
2025-10-24 17:07:11.302 +05:45  INF  Executing ViewResult, running view Index.
2025-10-24 17:07:11.305 +05:45  INF  Executed ViewResult - view Index executed in 4.0848ms.
2025-10-24 17:07:11.306 +05:45  INF  Executed action HRMSmvc.Areas.Admin.Controllers.DashboardController.Index (HRMSmvc) in 1455.3327ms
2025-10-24 17:07:11.306 +05:45  INF  Executed endpoint 'HRMSmvc.Areas.Admin.Controllers.DashboardController.Index (HRMSmvc)'
2025-10-24 17:07:11.306 +05:45  INF  Request finished HTTP/2 GET https://localhost:7189/Admin/Dashboard/Index - 200 null text/html; charset=utf-8 1459.9257ms
2025-10-24 17:07:13.434 +05:45  INF  Request starting HTTP/2 POST https://localhost:7189/admin/Dashboard/ChangeStatus - application/x-www-form-urlencoded; charset=UTF-8 39
2025-10-24 17:07:13.436 +05:45  INF  Executing endpoint 'HRMSmvc.Areas.Admin.Controllers.DashboardController.ChangeStatus (HRMSmvc)'
2025-10-24 17:07:13.439 +05:45  INF  Route matched with {area = "Admin", action = "ChangeStatus", controller = "Dashboard"}. Executing controller action with signature System.Threading.Tasks.Task`1[Microsoft.AspNetCore.Mvc.IActionResult] ChangeStatus(System.String) on controller HRMSmvc.Areas.Admin.Controllers.DashboardController (HRMSmvc).
2025-10-24 17:07:15.944 +05:45  INF  Executing JsonResult, writing value of type 'Domain.Models.ApiResponse`1[[Domain.DTO.UserDTO, Domain, Version=1.0.0.0, Culture=neutral, PublicKeyToken=null]]'.
2025-10-24 17:07:15.958 +05:45  INF  Executed action HRMSmvc.Areas.Admin.Controllers.DashboardController.ChangeStatus (HRMSmvc) in 2518.2641ms
2025-10-24 17:07:15.958 +05:45  INF  Executed endpoint 'HRMSmvc.Areas.Admin.Controllers.DashboardController.ChangeStatus (HRMSmvc)'
2025-10-24 17:07:15.958 +05:45  INF  Request finished HTTP/2 POST https://localhost:7189/admin/Dashboard/ChangeStatus - 200 null application/json; charset=utf-8 2524.319ms
2025-10-24 17:07:17.863 +05:45  INF  Request starting HTTP/2 GET https://localhost:7189/Admin/Dashboard/Index - null null
2025-10-24 17:07:17.867 +05:45  INF  Executing endpoint 'HRMSmvc.Areas.Admin.Controllers.DashboardController.Index (HRMSmvc)'
2025-10-24 17:07:17.867 +05:45  INF  Route matched with {area = "Admin", action = "Index", controller = "Dashboard"}. Executing controller action with signature System.Threading.Tasks.Task`1[Microsoft.AspNetCore.Mvc.IActionResult] Index() on controller HRMSmvc.Areas.Admin.Controllers.DashboardController (HRMSmvc).
2025-10-24 17:07:19.315 +05:45  INF  Executing ViewResult, running view Index.
2025-10-24 17:07:19.320 +05:45  INF  Executed ViewResult - view Index executed in 5.1642ms.
2025-10-24 17:07:19.321 +05:45  INF  Executed action HRMSmvc.Areas.Admin.Controllers.DashboardController.Index (HRMSmvc) in 1453.3849ms
2025-10-24 17:07:19.321 +05:45  INF  Executed endpoint 'HRMSmvc.Areas.Admin.Controllers.DashboardController.Index (HRMSmvc)'
2025-10-24 17:07:19.321 +05:45  INF  Request finished HTTP/2 GET https://localhost:7189/Admin/Dashboard/Index - 200 null text/html; charset=utf-8 1457.6639ms
2025-10-24 17:07:19.351 +05:45  INF  Request starting HTTP/2 GET https://localhost:7189/_vs/browserLink - null null
2025-10-24 17:07:19.355 +05:45  INF  Request starting HTTP/2 GET https://localhost:7189/_framework/aspnetcore-browser-refresh.js - null null
2025-10-24 17:07:19.356 +05:45  INF  Request finished HTTP/2 GET https://localhost:7189/_framework/aspnetcore-browser-refresh.js - 200 16499 application/javascript; charset=utf-8 1.3404ms
2025-10-24 17:07:19.370 +05:45  INF  Request finished HTTP/2 GET https://localhost:7189/_vs/browserLink - 200 null text/javascript; charset=UTF-8 19.9159ms
2025-10-24 17:07:24.493 +05:45  INF  Request starting HTTP/2 GET https://localhost:7189/Admin/Dashboard/CreateorEdit?id=389f1c51-d416-44cc-9c99-a7145ddf93cb - null null
2025-10-24 17:07:24.495 +05:45  INF  Executing endpoint 'HRMSmvc.Areas.Admin.Controllers.DashboardController.CreateorEdit (HRMSmvc)'
2025-10-24 17:07:24.499 +05:45  INF  Route matched with {area = "Admin", action = "CreateorEdit", controller = "Dashboard"}. Executing controller action with signature System.Threading.Tasks.Task`1[Microsoft.AspNetCore.Mvc.IActionResult] CreateorEdit(System.String) on controller HRMSmvc.Areas.Admin.Controllers.DashboardController (HRMSmvc).
2025-10-24 17:07:24.542 +05:45  INF  Executing ViewResult, running view CreateorEdit.
2025-10-24 17:07:24.579 +05:45  INF  Executed ViewResult - view CreateorEdit executed in 37.6401ms.
2025-10-24 17:07:24.579 +05:45  INF  Executed action HRMSmvc.Areas.Admin.Controllers.DashboardController.CreateorEdit (HRMSmvc) in 79.5281ms
2025-10-24 17:07:24.580 +05:45  INF  Executed endpoint 'HRMSmvc.Areas.Admin.Controllers.DashboardController.CreateorEdit (HRMSmvc)'
2025-10-24 17:07:24.580 +05:45  INF  Request finished HTTP/2 GET https://localhost:7189/Admin/Dashboard/CreateorEdit?id=389f1c51-d416-44cc-9c99-a7145ddf93cb - 200 null text/html; charset=utf-8 87.1402ms
2025-10-24 17:07:24.606 +05:45  INF  Request starting HTTP/2 GET https://localhost:7189/_vs/browserLink - null null
2025-10-24 17:07:24.607 +05:45  INF  Request starting HTTP/2 GET https://localhost:7189/_framework/aspnetcore-browser-refresh.js - null null
2025-10-24 17:07:24.609 +05:45  INF  Request finished HTTP/2 GET https://localhost:7189/_framework/aspnetcore-browser-refresh.js - 200 16499 application/javascript; charset=utf-8 1.5249ms
2025-10-24 17:07:24.620 +05:45  INF  Request finished HTTP/2 GET https://localhost:7189/_vs/browserLink - 200 null text/javascript; charset=UTF-8 13.1144ms
2025-10-24 17:07:26.149 +05:45  INF  Request starting HTTP/2 GET https://localhost:7189/Admin/Dashboard/Index - null null
2025-10-24 17:07:26.152 +05:45  INF  Executing endpoint 'HRMSmvc.Areas.Admin.Controllers.DashboardController.Index (HRMSmvc)'
2025-10-24 17:07:26.152 +05:45  INF  Route matched with {area = "Admin", action = "Index", controller = "Dashboard"}. Executing controller action with signature System.Threading.Tasks.Task`1[Microsoft.AspNetCore.Mvc.IActionResult] Index() on controller HRMSmvc.Areas.Admin.Controllers.DashboardController (HRMSmvc).
2025-10-24 17:09:20.948 +05:45  INF  User profile is available. Using 'C:\Users\ASUS\AppData\Local\ASP.NET\DataProtection-Keys' as key repository and Windows DPAPI to encrypt keys at rest.
2025-10-24 17:09:21.273 +05:45  INF  Now listening on: https://localhost:7189
2025-10-24 17:09:21.274 +05:45  INF  Now listening on: http://localhost:5227
2025-10-24 17:09:21.370 +05:45  INF  Application started. Press Ctrl+C to shut down.
2025-10-24 17:09:21.370 +05:45  INF  Hosting environment: Development
2025-10-24 17:09:21.370 +05:45  INF  Content root path: C:\Users\ASUS\Desktop\HRMS\HRMSmvc
2025-10-24 17:09:22.182 +05:45  INF  Request starting HTTP/2 GET https://localhost:7189/ - null null
2025-10-24 17:09:22.391 +05:45  INF  Executing endpoint 'HRMSmvc.Controllers.AuthController.Login (HRMSmvc)'
2025-10-24 17:09:22.434 +05:45  INF  Route matched with {action = "Login", controller = "Auth", area = ""}. Executing controller action with signature Microsoft.AspNetCore.Mvc.IActionResult Login() on controller HRMSmvc.Controllers.AuthController (HRMSmvc).
2025-10-24 17:09:22.459 +05:45  INF  Executing ViewResult, running view login.
2025-10-24 17:09:22.604 +05:45  INF  Executed ViewResult - view login executed in 152.0152ms.
2025-10-24 17:09:22.610 +05:45  INF  Executed action HRMSmvc.Controllers.AuthController.Login (HRMSmvc) in 174.4863ms
2025-10-24 17:09:22.611 +05:45  INF  Executed endpoint 'HRMSmvc.Controllers.AuthController.Login (HRMSmvc)'
2025-10-24 17:09:22.619 +05:45  INF  Request finished HTTP/2 GET https://localhost:7189/ - 200 null text/html; charset=utf-8 439.438ms
2025-10-24 17:09:22.696 +05:45  INF  Request starting HTTP/2 GET https://localhost:7189/_framework/aspnetcore-browser-refresh.js - null null
2025-10-24 17:09:22.700 +05:45  INF  Request finished HTTP/2 GET https://localhost:7189/_framework/aspnetcore-browser-refresh.js - 200 16499 application/javascript; charset=utf-8 4.1331ms
2025-10-24 17:09:22.703 +05:45  INF  Request starting HTTP/2 GET https://localhost:7189/_vs/browserLink - null null
2025-10-24 17:09:22.782 +05:45  INF  Request finished HTTP/2 GET https://localhost:7189/_vs/browserLink - 200 null text/javascript; charset=UTF-8 78.6914ms
2025-10-24 17:09:29.480 +05:45  INF  Request starting HTTP/2 POST https://localhost:7189/ - application/x-www-form-urlencoded; charset=UTF-8 267
2025-10-24 17:09:29.484 +05:45  INF  Executing endpoint 'HRMSmvc.Controllers.AuthController.LoginAsync (HRMSmvc)'
2025-10-24 17:09:29.495 +05:45  INF  Route matched with {action = "Login", controller = "Auth", area = ""}. Executing controller action with signature System.Threading.Tasks.Task`1[Microsoft.AspNetCore.Mvc.IActionResult] LoginAsync(Domain.DTO.LoginDTO) on controller HRMSmvc.Controllers.AuthController (HRMSmvc).
2025-10-24 17:09:39.366 +05:45  INF  AuthenticationScheme: Cookies signed in.
2025-10-24 17:09:39.370 +05:45  INF  Executing JsonResult, writing value of type 'Domain.Models.ApiResponse`1[[Domain.DTO.LoginResponseDto, Domain, Version=1.0.0.0, Culture=neutral, PublicKeyToken=null]]'.
2025-10-24 17:09:39.373 +05:45  INF  Executed action HRMSmvc.Controllers.AuthController.LoginAsync (HRMSmvc) in 9878.5788ms
2025-10-24 17:09:39.374 +05:45  INF  Executed endpoint 'HRMSmvc.Controllers.AuthController.LoginAsync (HRMSmvc)'
2025-10-24 17:09:39.374 +05:45  INF  Request finished HTTP/2 POST https://localhost:7189/ - 200 null application/json; charset=utf-8 9893.7104ms
2025-10-24 17:11:01.273 +05:45  INF  Request starting HTTP/2 GET https://localhost:7189/Admin/Dashboard/Index - null null
2025-10-24 17:11:01.315 +05:45  INF  Executing endpoint 'HRMSmvc.Areas.Admin.Controllers.DashboardController.Index (HRMSmvc)'
2025-10-24 17:11:01.322 +05:45  INF  Route matched with {area = "Admin", action = "Index", controller = "Dashboard"}. Executing controller action with signature System.Threading.Tasks.Task`1[Microsoft.AspNetCore.Mvc.IActionResult] Index() on controller HRMSmvc.Areas.Admin.Controllers.DashboardController (HRMSmvc).
2025-10-24 17:11:02.856 +05:45  INF  Executing ViewResult, running view Index.
2025-10-24 17:11:02.898 +05:45  INF  Executed ViewResult - view Index executed in 43.5198ms.
2025-10-24 17:11:02.898 +05:45  INF  Executed action HRMSmvc.Areas.Admin.Controllers.DashboardController.Index (HRMSmvc) in 1576.2439ms
2025-10-24 17:11:02.898 +05:45  INF  Executed endpoint 'HRMSmvc.Areas.Admin.Controllers.DashboardController.Index (HRMSmvc)'
2025-10-24 17:11:02.898 +05:45  INF  Request finished HTTP/2 GET https://localhost:7189/Admin/Dashboard/Index - 200 null text/html; charset=utf-8 1625.8667ms
2025-10-24 17:11:02.947 +05:45  INF  Request starting HTTP/2 GET https://localhost:7189/js/admin.js - null null
2025-10-24 17:11:02.947 +05:45  INF  Request starting HTTP/2 GET https://localhost:7189/_framework/aspnetcore-browser-refresh.js - null null
2025-10-24 17:11:02.948 +05:45  INF  Request finished HTTP/2 GET https://localhost:7189/_framework/aspnetcore-browser-refresh.js - 200 16499 application/javascript; charset=utf-8 0.957ms
2025-10-24 17:11:02.950 +05:45  INF  Request starting HTTP/2 GET https://localhost:7189/_vs/browserLink - null null
2025-10-24 17:11:02.962 +05:45  INF  Request finished HTTP/2 GET https://localhost:7189/_vs/browserLink - 200 null text/javascript; charset=UTF-8 12.0181ms
2025-10-24 17:11:03.174 +05:45  INF  Sending file. Request path: '/js/admin.js'. Physical path: 'C:\Users\ASUS\Desktop\HRMS\HRMSmvc\wwwroot\js\admin.js'
2025-10-24 17:11:03.174 +05:45  INF  Request finished HTTP/2 GET https://localhost:7189/js/admin.js - 200 18974 text/javascript 227.161ms
2025-10-24 17:11:08.033 +05:45  INF  Request starting HTTP/2 GET https://localhost:7189/Admin/Dashboard/Index - null null
2025-10-24 17:11:08.037 +05:45  INF  Executing endpoint 'HRMSmvc.Areas.Admin.Controllers.DashboardController.Index (HRMSmvc)'
2025-10-24 17:11:08.037 +05:45  INF  Route matched with {area = "Admin", action = "Index", controller = "Dashboard"}. Executing controller action with signature System.Threading.Tasks.Task`1[Microsoft.AspNetCore.Mvc.IActionResult] Index() on controller HRMSmvc.Areas.Admin.Controllers.DashboardController (HRMSmvc).
2025-10-24 17:11:12.044 +05:45  INF  Executing ViewResult, running view Index.
2025-10-24 17:11:12.046 +05:45  INF  Executed ViewResult - view Index executed in 2.8392ms.
2025-10-24 17:11:12.047 +05:45  INF  Executed action HRMSmvc.Areas.Admin.Controllers.DashboardController.Index (HRMSmvc) in 4009.2241ms
2025-10-24 17:11:12.047 +05:45  INF  Executed endpoint 'HRMSmvc.Areas.Admin.Controllers.DashboardController.Index (HRMSmvc)'
2025-10-24 17:11:12.047 +05:45  INF  Request finished HTTP/2 GET https://localhost:7189/Admin/Dashboard/Index - 200 null text/html; charset=utf-8 4013.4993ms
2025-10-24 17:11:23.194 +05:45  INF  Request starting HTTP/2 GET https://localhost:7189/Admin/Dashboard/Index - null null
2025-10-24 17:11:23.196 +05:45  INF  Executing endpoint 'HRMSmvc.Areas.Admin.Controllers.DashboardController.Index (HRMSmvc)'
2025-10-24 17:11:23.196 +05:45  INF  Route matched with {area = "Admin", action = "Index", controller = "Dashboard"}. Executing controller action with signature System.Threading.Tasks.Task`1[Microsoft.AspNetCore.Mvc.IActionResult] Index() on controller HRMSmvc.Areas.Admin.Controllers.DashboardController (HRMSmvc).
2025-10-24 17:11:24.656 +05:45  INF  Executing ViewResult, running view Index.
2025-10-24 17:11:24.660 +05:45  INF  Executed ViewResult - view Index executed in 3.6308ms.
2025-10-24 17:11:24.660 +05:45  INF  Executed action HRMSmvc.Areas.Admin.Controllers.DashboardController.Index (HRMSmvc) in 1463.6017ms
2025-10-24 17:11:24.660 +05:45  INF  Executed endpoint 'HRMSmvc.Areas.Admin.Controllers.DashboardController.Index (HRMSmvc)'
2025-10-24 17:11:24.660 +05:45  INF  Request finished HTTP/2 GET https://localhost:7189/Admin/Dashboard/Index - 200 null text/html; charset=utf-8 1466.7011ms
2025-10-24 17:11:53.393 +05:45  INF  Request starting HTTP/2 GET https://localhost:7189/Admin/Dashboard/Index - null null
2025-10-24 17:11:53.403 +05:45  INF  Executing endpoint 'HRMSmvc.Areas.Admin.Controllers.DashboardController.Index (HRMSmvc)'
2025-10-24 17:11:53.404 +05:45  INF  Route matched with {area = "Admin", action = "Index", controller = "Dashboard"}. Executing controller action with signature System.Threading.Tasks.Task`1[Microsoft.AspNetCore.Mvc.IActionResult] Index() on controller HRMSmvc.Areas.Admin.Controllers.DashboardController (HRMSmvc).
2025-10-24 17:11:58.543 +05:45  INF  Request starting HTTP/2 POST https://localhost:7189/admin/Dashboard/ChangeStatus - application/x-www-form-urlencoded; charset=UTF-8 39
2025-10-24 17:11:58.553 +05:45  INF  Executing endpoint 'HRMSmvc.Areas.Admin.Controllers.DashboardController.ChangeStatus (HRMSmvc)'
2025-10-24 17:11:58.559 +05:45  INF  Route matched with {area = "Admin", action = "ChangeStatus", controller = "Dashboard"}. Executing controller action with signature System.Threading.Tasks.Task`1[Microsoft.AspNetCore.Mvc.IActionResult] ChangeStatus(System.String) on controller HRMSmvc.Areas.Admin.Controllers.DashboardController (HRMSmvc).
2025-10-24 17:11:59.706 +05:45  INF  Executing ViewResult, running view Index.
2025-10-24 17:11:59.709 +05:45  INF  Executed ViewResult - view Index executed in 2.6596ms.
2025-10-24 17:11:59.709 +05:45  INF  Executed action HRMSmvc.Areas.Admin.Controllers.DashboardController.Index (HRMSmvc) in 6305.6359ms
2025-10-24 17:11:59.709 +05:45  INF  Executed endpoint 'HRMSmvc.Areas.Admin.Controllers.DashboardController.Index (HRMSmvc)'
2025-10-24 17:11:59.710 +05:45  INF  Request finished HTTP/2 GET https://localhost:7189/Admin/Dashboard/Index - 200 null text/html; charset=utf-8 6316.4673ms
2025-10-24 17:11:59.757 +05:45  INF  Request starting HTTP/2 GET https://localhost:7189/js/admin.js - null null
2025-10-24 17:11:59.758 +05:45  INF  Request starting HTTP/2 GET https://localhost:7189/_vs/browserLink - null null
2025-10-24 17:11:59.765 +05:45  INF  Request starting HTTP/2 GET https://localhost:7189/_framework/aspnetcore-browser-refresh.js - null null
2025-10-24 17:11:59.776 +05:45  INF  Request finished HTTP/2 GET https://localhost:7189/_framework/aspnetcore-browser-refresh.js - 200 16499 application/javascript; charset=utf-8 10.1161ms
2025-10-24 17:11:59.792 +05:45  INF  Request finished HTTP/2 GET https://localhost:7189/_vs/browserLink - 200 null text/javascript; charset=UTF-8 33.8659ms
2025-10-24 17:12:00.367 +05:45  INF  Sending file. Request path: '/js/admin.js'. Physical path: 'C:\Users\ASUS\Desktop\HRMS\HRMSmvc\wwwroot\js\admin.js'
2025-10-24 17:12:00.368 +05:45  INF  Request finished HTTP/2 GET https://localhost:7189/js/admin.js - 200 18963 text/javascript 610.0069ms
2025-10-24 17:12:01.158 +05:45  INF  Executing JsonResult, writing value of type 'Domain.Models.ApiResponse`1[[Domain.DTO.UserDTO, Domain, Version=1.0.0.0, Culture=neutral, PublicKeyToken=null]]'.
2025-10-24 17:12:01.185 +05:45  INF  Executed action HRMSmvc.Areas.Admin.Controllers.DashboardController.ChangeStatus (HRMSmvc) in 2626.4675ms
2025-10-24 17:12:01.185 +05:45  INF  Executed endpoint 'HRMSmvc.Areas.Admin.Controllers.DashboardController.ChangeStatus (HRMSmvc)'
2025-10-24 17:12:01.186 +05:45  INF  Request finished HTTP/2 POST https://localhost:7189/admin/Dashboard/ChangeStatus - 499 null application/json; charset=utf-8 2642.5077ms
2025-10-24 17:12:07.452 +05:45  INF  Request starting HTTP/2 GET https://localhost:7189/Admin/Dashboard/Index - null null
2025-10-24 17:12:07.454 +05:45  INF  Executing endpoint 'HRMSmvc.Areas.Admin.Controllers.DashboardController.Index (HRMSmvc)'
2025-10-24 17:12:07.454 +05:45  INF  Route matched with {area = "Admin", action = "Index", controller = "Dashboard"}. Executing controller action with signature System.Threading.Tasks.Task`1[Microsoft.AspNetCore.Mvc.IActionResult] Index() on controller HRMSmvc.Areas.Admin.Controllers.DashboardController (HRMSmvc).
2025-10-24 17:12:08.833 +05:45  INF  Executing ViewResult, running view Index.
2025-10-24 17:12:08.837 +05:45  INF  Executed ViewResult - view Index executed in 3.6736ms.
2025-10-24 17:12:08.837 +05:45  INF  Executed action HRMSmvc.Areas.Admin.Controllers.DashboardController.Index (HRMSmvc) in 1382.8696ms
2025-10-24 17:12:08.837 +05:45  INF  Executed endpoint 'HRMSmvc.Areas.Admin.Controllers.DashboardController.Index (HRMSmvc)'
2025-10-24 17:12:08.838 +05:45  INF  Request finished HTTP/2 GET https://localhost:7189/Admin/Dashboard/Index - 200 null text/html; charset=utf-8 1385.5849ms
2025-10-24 17:12:09.218 +05:45  INF  Request starting HTTP/2 GET https://localhost:7189/vendor/bootstrap-icons.css - null null
2025-10-24 17:12:09.218 +05:45  INF  Request starting HTTP/2 GET https://localhost:7189/vendor/bootstrap-icons.min.css - null null
2025-10-24 17:12:09.218 +05:45  INF  Request starting HTTP/2 GET https://localhost:7189/vendor/bootstrap.min.css - null null
2025-10-24 17:12:09.229 +05:45  INF  Sending file. Request path: '/vendor/bootstrap-icons.css'. Physical path: 'C:\Users\ASUS\Desktop\HRMS\HRMSmvc\wwwroot\vendor\bootstrap-icons.css'
2025-10-24 17:12:09.229 +05:45  INF  Sending file. Request path: '/vendor/bootstrap-icons.min.css'. Physical path: 'C:\Users\ASUS\Desktop\HRMS\HRMSmvc\wwwroot\vendor\bootstrap-icons.min.css'
2025-10-24 17:12:09.229 +05:45  INF  Request finished HTTP/2 GET https://localhost:7189/vendor/bootstrap-icons.min.css - 200 85875 text/css 11.2383ms
2025-10-24 17:12:09.230 +05:45  INF  Request finished HTTP/2 GET https://localhost:7189/vendor/bootstrap-icons.css - 200 98255 text/css 11.2242ms
2025-10-24 17:12:09.234 +05:45  INF  Sending file. Request path: '/vendor/bootstrap.min.css'. Physical path: 'C:\Users\ASUS\Desktop\HRMS\HRMSmvc\wwwroot\vendor\bootstrap.min.css'
2025-10-24 17:12:09.234 +05:45  INF  Request finished HTTP/2 GET https://localhost:7189/vendor/bootstrap.min.css - 200 232803 text/css 15.6584ms
2025-10-24 17:12:09.239 +05:45  INF  Request starting HTTP/2 GET https://localhost:7189/vendor/quill.bubble.css - null null
2025-10-24 17:12:09.240 +05:45  INF  Request starting HTTP/2 GET https://localhost:7189/vendor/quill.snow.css - null null
2025-10-24 17:12:09.242 +05:45  INF  Sending file. Request path: '/vendor/quill.bubble.css'. Physical path: 'C:\Users\ASUS\Desktop\HRMS\HRMSmvc\wwwroot\vendor\quill.bubble.css'
2025-10-24 17:12:09.243 +05:45  INF  Request finished HTTP/2 GET https://localhost:7189/vendor/quill.bubble.css - 200 25216 text/css 3.9334ms
2025-10-24 17:12:09.243 +05:45  INF  Sending file. Request path: '/vendor/quill.snow.css'. Physical path: 'C:\Users\ASUS\Desktop\HRMS\HRMSmvc\wwwroot\vendor\quill.snow.css'
2025-10-24 17:12:09.243 +05:45  INF  Request finished HTTP/2 GET https://localhost:7189/vendor/quill.snow.css - 200 24606 text/css 3.4783ms
2025-10-24 17:12:09.245 +05:45  INF  Request starting HTTP/2 GET https://localhost:7189/vendor/remixicon.css - null null
2025-10-24 17:12:09.249 +05:45  INF  Request starting HTTP/2 GET https://localhost:7189/vendor/style.css - null null
2025-10-24 17:12:09.251 +05:45  INF  Sending file. Request path: '/vendor/style.css'. Physical path: 'C:\Users\ASUS\Desktop\HRMS\HRMSmvc\wwwroot\vendor\style.css'
2025-10-24 17:12:09.252 +05:45  INF  Request finished HTTP/2 GET https://localhost:7189/vendor/style.css - 200 5115 text/css 2.3263ms
2025-10-24 17:12:09.252 +05:45  INF  Sending file. Request path: '/vendor/remixicon.css'. Physical path: 'C:\Users\ASUS\Desktop\HRMS\HRMSmvc\wwwroot\vendor\remixicon.css'
2025-10-24 17:12:09.252 +05:45  INF  Request finished HTTP/2 GET https://localhost:7189/vendor/remixicon.css - 200 138761 text/css 7.216ms
2025-10-24 17:12:09.257 +05:45  INF  Request starting HTTP/2 GET https://localhost:7189/css/style.css - null null
2025-10-24 17:12:09.259 +05:45  INF  Sending file. Request path: '/css/style.css'. Physical path: 'C:\Users\ASUS\Desktop\HRMS\HRMSmvc\wwwroot\css\style.css'
2025-10-24 17:12:09.259 +05:45  INF  Request finished HTTP/2 GET https://localhost:7189/css/style.css - 200 21002 text/css 1.996ms
2025-10-24 17:12:09.263 +05:45  INF  Request starting HTTP/2 GET https://localhost:7189/vendor/apexcharts.min.js - null null
2025-10-24 17:12:09.270 +05:45  INF  Request starting HTTP/2 GET https://localhost:7189/vendor/bootstrap.bundle.min.js - null null
2025-10-24 17:12:09.277 +05:45  INF  Sending file. Request path: '/vendor/bootstrap.bundle.min.js'. Physical path: 'C:\Users\ASUS\Desktop\HRMS\HRMSmvc\wwwroot\vendor\bootstrap.bundle.min.js'
2025-10-24 17:12:09.277 +05:45  INF  Request finished HTTP/2 GET https://localhost:7189/vendor/bootstrap.bundle.min.js - 200 80721 text/javascript 6.8902ms
2025-10-24 17:12:09.286 +05:45  INF  Request starting HTTP/2 GET https://localhost:7189/vendor/echarts.min.js - null null
2025-10-24 17:12:09.290 +05:45  INF  Sending file. Request path: '/vendor/apexcharts.min.js'. Physical path: 'C:\Users\ASUS\Desktop\HRMS\HRMSmvc\wwwroot\vendor\apexcharts.min.js'
2025-10-24 17:12:09.291 +05:45  INF  Request finished HTTP/2 GET https://localhost:7189/vendor/apexcharts.min.js - 200 533680 text/javascript 27.5291ms
2025-10-24 17:12:09.298 +05:45  INF  Request starting HTTP/2 GET https://localhost:7189/vendor/chart.umd.js - null null
2025-10-24 17:12:09.309 +05:45  INF  Sending file. Request path: '/vendor/chart.umd.js'. Physical path: 'C:\Users\ASUS\Desktop\HRMS\HRMSmvc\wwwroot\vendor\chart.umd.js'
2025-10-24 17:12:09.309 +05:45  INF  Request finished HTTP/2 GET https://localhost:7189/vendor/chart.umd.js - 200 205363 text/javascript 11.3547ms
2025-10-24 17:12:09.327 +05:45  INF  Request starting HTTP/2 GET https://localhost:7189/vendor/quill.js - null null
2025-10-24 17:12:09.327 +05:45  INF  Request starting HTTP/2 GET https://localhost:7189/vendor/simple-datatables.js - null null
2025-10-24 17:12:09.335 +05:45  INF  Sending file. Request path: '/vendor/simple-datatables.js'. Physical path: 'C:\Users\ASUS\Desktop\HRMS\HRMSmvc\wwwroot\vendor\simple-datatables.js'
2025-10-24 17:12:09.335 +05:45  INF  Request finished HTTP/2 GET https://localhost:7189/vendor/simple-datatables.js - 200 98086 text/javascript 8.1605ms
2025-10-24 17:12:09.341 +05:45  INF  Sending file. Request path: '/vendor/quill.js'. Physical path: 'C:\Users\ASUS\Desktop\HRMS\HRMSmvc\wwwroot\vendor\quill.js'
2025-10-24 17:12:09.341 +05:45  INF  Request finished HTTP/2 GET https://localhost:7189/vendor/quill.js - 200 209340 text/javascript 13.8704ms
2025-10-24 17:12:09.342 +05:45  INF  Sending file. Request path: '/vendor/echarts.min.js'. Physical path: 'C:\Users\ASUS\Desktop\HRMS\HRMSmvc\wwwroot\vendor\echarts.min.js'
2025-10-24 17:12:09.343 +05:45  INF  Request finished HTTP/2 GET https://localhost:7189/vendor/echarts.min.js - 200 1029203 text/javascript 56.4441ms
2025-10-24 17:12:09.352 +05:45  INF  Request starting HTTP/2 GET https://localhost:7189/vendor/tinymce.min.js - null null
2025-10-24 17:12:09.352 +05:45  INF  Request starting HTTP/2 GET https://localhost:7189/vendor/validate.js - null null
2025-10-24 17:12:09.354 +05:45  INF  Sending file. Request path: '/vendor/validate.js'. Physical path: 'C:\Users\ASUS\Desktop\HRMS\HRMSmvc\wwwroot\vendor\validate.js'
2025-10-24 17:12:09.355 +05:45  INF  Request finished HTTP/2 GET https://localhost:7189/vendor/validate.js - 200 2734 text/javascript 2.2499ms
2025-10-24 17:12:09.375 +05:45  INF  Sending file. Request path: '/vendor/tinymce.min.js'. Physical path: 'C:\Users\ASUS\Desktop\HRMS\HRMSmvc\wwwroot\vendor\tinymce.min.js'
2025-10-24 17:12:09.375 +05:45  INF  Request finished HTTP/2 GET https://localhost:7189/vendor/tinymce.min.js - 200 436122 text/javascript 22.7572ms
2025-10-24 17:12:09.502 +05:45  INF  Request starting HTTP/2 GET https://localhost:7189/js/main.js - null null
2025-10-24 17:12:09.505 +05:45  INF  Request starting HTTP/2 GET https://localhost:7189/js/admin.js - null null
2025-10-24 17:12:09.505 +05:45  INF  Sending file. Request path: '/js/main.js'. Physical path: 'C:\Users\ASUS\Desktop\HRMS\HRMSmvc\wwwroot\js\main.js'
2025-10-24 17:12:09.505 +05:45  INF  Request finished HTTP/2 GET https://localhost:7189/js/main.js - 200 9966 text/javascript 2.6352ms
2025-10-24 17:12:09.509 +05:45  INF  Sending file. Request path: '/js/admin.js'. Physical path: 'C:\Users\ASUS\Desktop\HRMS\HRMSmvc\wwwroot\js\admin.js'
2025-10-24 17:12:09.509 +05:45  INF  Request finished HTTP/2 GET https://localhost:7189/js/admin.js - 200 18963 text/javascript 4.5117ms
2025-10-24 17:12:09.509 +05:45  INF  Request starting HTTP/2 GET https://localhost:7189/_framework/aspnetcore-browser-refresh.js - null null
2025-10-24 17:12:09.510 +05:45  INF  Request finished HTTP/2 GET https://localhost:7189/_framework/aspnetcore-browser-refresh.js - 200 16499 application/javascript; charset=utf-8 0.8044ms
2025-10-24 17:12:09.513 +05:45  INF  Request starting HTTP/2 GET https://localhost:7189/_vs/browserLink - null null
2025-10-24 17:12:09.527 +05:45  INF  Request finished HTTP/2 GET https://localhost:7189/_vs/browserLink - 200 null text/javascript; charset=UTF-8 13.3555ms
2025-10-24 17:12:09.765 +05:45  INF  Request starting HTTP/2 GET https://localhost:7189/favicon.ico - null null
2025-10-24 17:12:09.768 +05:45  INF  Sending file. Request path: '/favicon.ico'. Physical path: 'C:\Users\ASUS\Desktop\HRMS\HRMSmvc\wwwroot\favicon.ico'
2025-10-24 17:12:09.768 +05:45  INF  Request finished HTTP/2 GET https://localhost:7189/favicon.ico - 200 5430 image/x-icon 2.613ms
2025-10-24 17:12:12.812 +05:45  INF  Request starting HTTP/2 GET https://localhost:7189/Admin/Dashboard/Index - null null
2025-10-24 17:12:12.813 +05:45  INF  Executing endpoint 'HRMSmvc.Areas.Admin.Controllers.DashboardController.Index (HRMSmvc)'
2025-10-24 17:12:12.813 +05:45  INF  Route matched with {area = "Admin", action = "Index", controller = "Dashboard"}. Executing controller action with signature System.Threading.Tasks.Task`1[Microsoft.AspNetCore.Mvc.IActionResult] Index() on controller HRMSmvc.Areas.Admin.Controllers.DashboardController (HRMSmvc).
2025-10-24 17:12:13.977 +05:45  INF  Executing ViewResult, running view Index.
2025-10-24 17:12:13.980 +05:45  INF  Executed ViewResult - view Index executed in 2.6642ms.
2025-10-24 17:12:13.980 +05:45  INF  Executed action HRMSmvc.Areas.Admin.Controllers.DashboardController.Index (HRMSmvc) in 1167.0244ms
2025-10-24 17:12:13.980 +05:45  INF  Executed endpoint 'HRMSmvc.Areas.Admin.Controllers.DashboardController.Index (HRMSmvc)'
2025-10-24 17:12:13.980 +05:45  INF  Request finished HTTP/2 GET https://localhost:7189/Admin/Dashboard/Index - 200 null text/html; charset=utf-8 1167.9122ms
2025-10-24 17:12:16.336 +05:45  INF  Request starting HTTP/2 POST https://localhost:7189/admin/Dashboard/ChangeStatus - application/x-www-form-urlencoded; charset=UTF-8 39
2025-10-24 17:12:16.337 +05:45  INF  Executing endpoint 'HRMSmvc.Areas.Admin.Controllers.DashboardController.ChangeStatus (HRMSmvc)'
2025-10-24 17:12:16.337 +05:45  INF  Route matched with {area = "Admin", action = "ChangeStatus", controller = "Dashboard"}. Executing controller action with signature System.Threading.Tasks.Task`1[Microsoft.AspNetCore.Mvc.IActionResult] ChangeStatus(System.String) on controller HRMSmvc.Areas.Admin.Controllers.DashboardController (HRMSmvc).
2025-10-24 17:12:20.397 +05:45  INF  Executing JsonResult, writing value of type 'Domain.Models.ApiResponse`1[[Domain.DTO.UserDTO, Domain, Version=1.0.0.0, Culture=neutral, PublicKeyToken=null]]'.
2025-10-24 17:12:20.398 +05:45  INF  Executed action HRMSmvc.Areas.Admin.Controllers.DashboardController.ChangeStatus (HRMSmvc) in 4060.9589ms
2025-10-24 17:12:20.398 +05:45  INF  Executed endpoint 'HRMSmvc.Areas.Admin.Controllers.DashboardController.ChangeStatus (HRMSmvc)'
2025-10-24 17:12:20.398 +05:45  INF  Request finished HTTP/2 POST https://localhost:7189/admin/Dashboard/ChangeStatus - 200 null application/json; charset=utf-8 4061.7857ms
2025-10-24 17:12:24.043 +05:45  INF  Request starting HTTP/2 GET https://localhost:7189/Admin/Dashboard/Index - null null
2025-10-24 17:12:24.049 +05:45  INF  Executing endpoint 'HRMSmvc.Areas.Admin.Controllers.DashboardController.Index (HRMSmvc)'
2025-10-24 17:12:24.049 +05:45  INF  Route matched with {area = "Admin", action = "Index", controller = "Dashboard"}. Executing controller action with signature System.Threading.Tasks.Task`1[Microsoft.AspNetCore.Mvc.IActionResult] Index() on controller HRMSmvc.Areas.Admin.Controllers.DashboardController (HRMSmvc).
2025-10-24 17:12:28.750 +05:45  INF  Executing ViewResult, running view Index.
2025-10-24 17:12:28.752 +05:45  INF  Executed ViewResult - view Index executed in 2.2559ms.
2025-10-24 17:12:28.752 +05:45  INF  Executed action HRMSmvc.Areas.Admin.Controllers.DashboardController.Index (HRMSmvc) in 4703.0107ms
2025-10-24 17:12:28.752 +05:45  INF  Executed endpoint 'HRMSmvc.Areas.Admin.Controllers.DashboardController.Index (HRMSmvc)'
2025-10-24 17:12:28.752 +05:45  INF  Request finished HTTP/2 GET https://localhost:7189/Admin/Dashboard/Index - 200 null text/html; charset=utf-8 4709.7337ms
2025-10-24 17:12:28.777 +05:45  INF  Request starting HTTP/2 GET https://localhost:7189/js/admin.js - null null
2025-10-24 17:12:28.778 +05:45  INF  Request starting HTTP/2 GET https://localhost:7189/_framework/aspnetcore-browser-refresh.js - null null
2025-10-24 17:12:28.780 +05:45  INF  Request starting HTTP/2 GET https://localhost:7189/_vs/browserLink - null null
2025-10-24 17:12:28.780 +05:45  INF  Request finished HTTP/2 GET https://localhost:7189/_framework/aspnetcore-browser-refresh.js - 200 16499 application/javascript; charset=utf-8 2.1321ms
2025-10-24 17:12:28.780 +05:45  INF  The file /js/admin.js was not modified
2025-10-24 17:12:28.781 +05:45  INF  Request finished HTTP/2 GET https://localhost:7189/js/admin.js - 304 null text/javascript 3.9214ms
2025-10-24 17:12:28.793 +05:45  INF  Request finished HTTP/2 GET https://localhost:7189/_vs/browserLink - 200 null text/javascript; charset=UTF-8 13.1567ms
